-- area insert
INSERT INTO area (areaId,areaName) 
VALUES (002,'Jerusalem'); 

INSERT INTO area (areaId,areaName) 
VALUES (003,'Center'); 

INSERT INTO area (areaId,areaName) 
VALUES (004,'North'); 

INSERT INTO area (areaId,areaName) 
VALUES (005,'Judea-Samaria'); 

INSERT INTO area (areaId,areaName) 
VALUES (008,'South'); 

INSERT INTO area (areaId,areaName) 
VALUES (009,'HaSharon'); 


--city
INSERT INTO city (cityName,areaId) 
VALUES ('Acre',4); 

INSERT INTO city (cityName,areaId) 
VALUES ('Afula',4); 

INSERT INTO city (cityName,areaId) 
VALUES ('Arad',8); 

INSERT INTO city (cityName,areaId) 
VALUES ('Ariel',5); 

INSERT INTO city (cityName,areaId) 
VALUES ('Ashdod',8); 

INSERT INTO city (cityName,areaId) 
VALUES ('Ashkelon',8); 

INSERT INTO city (cityName,areaId) 
VALUES ('Baqa-Jatt',4); 

INSERT INTO city (cityName,areaId) 
VALUES ('Bat Yam',3); 

INSERT INTO city (cityName,areaId) 
VALUES ('Beersheba',8); 

INSERT INTO city (cityName,areaId) 
VALUES ('Beit Shean',4); 

INSERT INTO city (cityName,areaId) 
VALUES ('Beit Shemesh',2); 

INSERT INTO city (cityName,areaId) 
VALUES ('Beitar Illit',5); 

INSERT INTO city (cityName,areaId) 
VALUES ('Bnei Brak',3); 

INSERT INTO city (cityName,areaId) 
VALUES ('Dimona',8); 

INSERT INTO city (cityName,areaId) 
VALUES ('Efrath',5); 

INSERT INTO city (cityName,areaId) 
VALUES ('Eilat',8); 

INSERT INTO city (cityName,areaId) 
VALUES ('Elad',3); 

INSERT INTO city (cityName,areaId) 
VALUES ('Even Yehuda',9); 

INSERT INTO city (cityName,areaId) 
VALUES ('Gan Yavne',8); 

INSERT INTO city (cityName,areaId) 
VALUES ('Gedera',8); 

INSERT INTO city (cityName,areaId) 
VALUES ('Givat Shmuel',3); 

INSERT INTO city (cityName,areaId) 
VALUES ('Givatayim',3); 

INSERT INTO city (cityName,areaId) 
VALUES ('Hadera',4); 

INSERT INTO city (cityName,areaId) 
VALUES ('Haifa',4); 

INSERT INTO city (cityName,areaId) 
VALUES ('Hertzliya',9); 

INSERT INTO city (cityName,areaId) 
VALUES ('Hod HaSharon',9); 

INSERT INTO city (cityName,areaId) 
VALUES ('Holon',3); 

INSERT INTO city (cityName,areaId) 
VALUES ('Jerusalem',2); 

INSERT INTO city (cityName,areaId) 
VALUES ('Kafr Qasim',3); 

INSERT INTO city (cityName,areaId) 
VALUES ('Karmiel',4); 

INSERT INTO city (cityName,areaId) 
VALUES ('Kfar Saba',9); 

INSERT INTO city (cityName,areaId) 
VALUES ('Kfar Witkin',9); 

INSERT INTO city (cityName,areaId) 
VALUES ('Kfar Yona',9); 

INSERT INTO city (cityName,areaId) 
VALUES ('Kiryat Ata',4); 

INSERT INTO city (cityName,areaId) 
VALUES ('Kiryat Bialik',4); 

INSERT INTO city (cityName,areaId) 
VALUES ('Kiryat Gat',8); 

INSERT INTO city (cityName,areaId) 
VALUES ('Kiryat Malakhi',8); 

INSERT INTO city (cityName,areaId) 
VALUES ('Kiryat Motzkin',4); 

INSERT INTO city (cityName,areaId) 
VALUES ('Kiryat Ono',3); 

INSERT INTO city (cityName,areaId) 
VALUES ('Kiryat Shmona',4); 

INSERT INTO city (cityName,areaId) 
VALUES ('Kiryat Yam',4); 

INSERT INTO city (cityName,areaId) 
VALUES ('Lod',8); 

INSERT INTO city (cityName,areaId) 
VALUES ('Maale Adumim',5); 

INSERT INTO city (cityName,areaId) 
VALUES ('Maalot-Tarshiha',4); 

INSERT INTO city (cityName,areaId) 
VALUES ('Migdal HaEmek',4); 

INSERT INTO city (cityName,areaId) 
VALUES ('Modiin Illit',5); 

INSERT INTO city (cityName,areaId) 
VALUES ('Modiin-Maccabim-Reut',3); 

INSERT INTO city (cityName,areaId) 
VALUES ('Nahariya',4); 

INSERT INTO city (cityName,areaId) 
VALUES ('Nazareth',4); 

INSERT INTO city (cityName,areaId) 
VALUES ('Nazareth Illit',4); 

INSERT INTO city (cityName,areaId) 
VALUES ('Nesher',4); 

INSERT INTO city (cityName,areaId) 
VALUES ('Ness Tziona',3); 

INSERT INTO city (cityName,areaId) 
VALUES ('Netanya',9); 

INSERT INTO city (cityName,areaId) 
VALUES ('Netivot',8); 

INSERT INTO city (cityName,areaId) 
VALUES ('Ofakim',8); 

INSERT INTO city (cityName,areaId) 
VALUES ('Or Akiva',4); 

INSERT INTO city (cityName,areaId) 
VALUES ('Or Yehuda',3); 

INSERT INTO city (cityName,areaId) 
VALUES ('Petah Tikva',3); 

INSERT INTO city (cityName,areaId) 
VALUES ('Qalansawe',3); 

INSERT INTO city (cityName,areaId) 
VALUES ('Raanana',9); 

INSERT INTO city (cityName,areaId) 
VALUES ('Rahat',8); 

INSERT INTO city (cityName,areaId) 
VALUES ('Ramat Gan',3); 

INSERT INTO city (cityName,areaId) 
VALUES ('Ramat HaSharon',3); 

INSERT INTO city (cityName,areaId) 
VALUES ('Ramla',8); 

INSERT INTO city (cityName,areaId) 
VALUES ('Rehovot',8); 

INSERT INTO city (cityName,areaId) 
VALUES ('Rishon LeTzion',3); 

INSERT INTO city (cityName,areaId) 
VALUES ('Rosh HaAyin',3); 

INSERT INTO city (cityName,areaId) 
VALUES ('Safed',4); 

INSERT INTO city (cityName,areaId) 
VALUES ('Sakhnin',4); 

INSERT INTO city (cityName,areaId) 
VALUES ('Shderot',8); 

INSERT INTO city (cityName,areaId) 
VALUES ('Shfar-am',4); 

INSERT INTO city (cityName,areaId) 
VALUES ('Tamra',4); 

INSERT INTO city (cityName,areaId) 
VALUES ('Tayibe',9); 

INSERT INTO city (cityName,areaId) 
VALUES ('Tel Aviv',3); 

INSERT INTO city (cityName,areaId) 
VALUES ('Tel Mond',9); 

INSERT INTO city (cityName,areaId) 
VALUES ('Tiberias',4); 

INSERT INTO city (cityName,areaId) 
VALUES ('Tira',9); 

INSERT INTO city (cityName,areaId) 
VALUES ('Tirat Carmel',4); 

INSERT INTO city (cityName,areaId) 
VALUES ('Umm al-Fahm',4); 

INSERT INTO city (cityName,areaId) 
VALUES ('Yavne',8); 

INSERT INTO city (cityName,areaId) 
VALUES ('Yehud',3); 

INSERT INTO city (cityName,areaId) 
VALUES ('Yokneam',4); 

--agent 

INSERT INTO agent (agentId,agentName,areaId , agentRating,agentHireYear,bossId,agentSalary)

VALUES (200320406,'Shlomo Cohen',2,6,2012,NULL,22491.0); 

INSERT INTO agent (agentId,agentName,areaId , agentRating,agentHireYear,bossId,agentSalary)

VALUES (559866704,'Shmuel  Ventura',2,6,2009,200320406,8423.0); 

INSERT INTO agent(agentId,agentName,areaId , agentRating,agentHireYear,bossId,agentSalary)

VALUES (560180780,'Moshe Suissa',2,6,2014,559866704,25151.0); 

INSERT INTO agent (agentId,agentName,areaId , agentRating,agentHireYear,bossId,agentSalary)

VALUES (560458713,'Moshe Cohen',2,7,2000,559866704,9709.0); 

INSERT INTO agent (agentId,agentName,areaId , agentRating,agentHireYear,bossId,agentSalary)

VALUES (564441324,'Yaacov Levy',2,2,1996,559866704,19012.0); 

INSERT INTO agent (agentId,agentName,areaId , agentRating,agentHireYear,bossId,agentSalary)

VALUES (569775478,'Ofer Tahar',2,0,2001,559866704,15813.0); 

INSERT INTO agent (agentId,agentName,areaId , agentRating,agentHireYear,bossId,agentSalary)

VALUES (581662917,'Gabriel Goldberg',2,7,2004,559866704,6708.0); 

INSERT INTO agent (agentId,agentName,areaId , agentRating,agentHireYear,bossId,agentSalary)

VALUES (597322737,'Moshe Amihud',3,9,2006,200320406,12495.0); 

INSERT INTO agent (agentId,agentName,areaId , agentRating,agentHireYear,bossId,agentSalary)

VALUES (597512357,'Yossef Gorodetski',3,0,2000,597322737,15494.0); 

INSERT INTO agent (agentId,agentName,areaId , agentRating,agentHireYear,bossId,agentSalary)

VALUES (604117504,'Shmuel  Bardaat',3,9,1995,597322737,14488.0); 

INSERT INTO agent(agentId,agentName,areaId , agentRating,agentHireYear,bossId,agentSalary)

VALUES (607968105,'Yehuda Azoulay',3,2,2010,597322737,23712.0); 

INSERT INTO agent(agentId,agentName,areaId , agentRating,agentHireYear,bossId,agentSalary)

VALUES (609002731,'Yoram Amichai',3,7,2014,597322737,26345.0); 

INSERT INTO agent(agentId,agentName,areaId , agentRating,agentHireYear,bossId,agentSalary)

VALUES (615988674,'Assaf Zalmanovitch',3,8,2015,597322737,25004.0); 

INSERT INTO agent (agentId,agentName,areaId , agentRating,agentHireYear,bossId,agentSalary)

VALUES (618793789,'Shimon Goldmann',3,4,1995,597322737,16505.0); 

INSERT INTO agent (agentId,agentName,areaId , agentRating,agentHireYear,bossId,agentSalary)

VALUES (624729530,'Gabriel Amichai',4,2,2016,200320406,5763.0); 

INSERT INTO agent (agentId,agentName,areaId , agentRating,agentHireYear,bossId,agentSalary)

VALUES (626592323,'Avishai Zalmanovitch',4,2,2003,624729530,24084.0); 

INSERT INTO agent (agentId,agentName,areaId , agentRating,agentHireYear,bossId,agentSalary)

VALUES (627327598,'Gabriel Cohen',4,4,2015,624729530,25277.0); 

INSERT INTO agent (agentId,agentName,areaId , agentRating,agentHireYear,bossId,agentSalary)

VALUES (640870972,'Assaf Levy',4,6,2001,624729530,28813.0); 

INSERT INTO agent(agentId,agentName,areaId , agentRating,agentHireYear,bossId,agentSalary)

VALUES (648184749,'Yoram Azoulay',4,7,2004,624729530,9210.0); 

INSERT INTO agent (agentId,agentName,areaId , agentRating,agentHireYear,bossId,agentSalary)

VALUES (650823903,'Jack Goldberg',4,3,2011,624729530,29885.0); 

INSERT INTO agent (agentId,agentName,areaId , agentRating,agentHireYear,bossId,agentSalary)

VALUES (654534078,'Yechiel Tahar',4,1,2001,624729530,23466.0); 

INSERT INTO agent (agentId,agentName,areaId , agentRating,agentHireYear,bossId,agentSalary)
 
VALUES (658017097,'Daniel Amihud',5,8,2008,200320406,25708.0); 

INSERT INTO agent (agentId,agentName,areaId , agentRating,agentHireYear,bossId,agentSalary)

VALUES (660084321,'Yaacov Amihud',5,6,2014,658017097,16475.0); 

INSERT INTO agent (agentId,agentName,areaId , agentRating,agentHireYear,bossId,agentSalary)

VALUES (661492247,'Yechiel Ventura',5,4,1997,658017097,28556.0); 

INSERT INTO agent (agentId,agentName,areaId , agentRating,agentHireYear,bossId,agentSalary)

VALUES (671878637,'Gabriel Suissa',5,6,2005,658017097,13128.0); 

INSERT INTO agent (agentId,agentName,areaId , agentRating,agentHireYear,bossId,agentSalary)

VALUES (676452965,'Yechiel Bardaat',5,7,2006,658017097,15007.0); 

INSERT INTO agent (agentId,agentName,areaId , agentRating,agentHireYear,bossId,agentSalary)

VALUES (676752878,'Yehuda Beneliyahu',5,8,2008,658017097,9495.0); 

INSERT INTO agent(agentId,agentName,areaId , agentRating,agentHireYear,bossId,agentSalary)

VALUES (681442399,'Ofer Beneliyahu',5,3,1995,658017097,8707.0); 

INSERT INTO agent (agentId,agentName,areaId , agentRating,agentHireYear,bossId,agentSalary)
 
VALUES (683733405,'Aharon Bouzaglo',8,5,2002,200320406,7778.0); 

INSERT INTO agent (agentId,agentName,areaId , agentRating,agentHireYear,bossId,agentSalary)

VALUES (701018401,'Ofer Zalmanovitch',8,4,2013,683733405,17726.0); 
INSERT INTO agent(agentId,agentName,areaId , agentRating,agentHireYear,bossId,agentSalary)
 
VALUES (724732338,'Yechiel Amihud',8,10,2005,683733405,25120.0); 

INSERT INTO agent (agentId,agentName,areaId , agentRating,agentHireYear,bossId,agentSalary)

VALUES (725287167,'Yehuda Benprat',8,4,2001,683733405,11239.0); 

INSERT INTO agent (agentId,agentName,areaId , agentRating,agentHireYear,bossId,agentSalary)

VALUES (726327922,'Daniel Cohen',8,5,2009,683733405,6097.0); 

INSERT INTO agent (agentId,agentName,areaId , agentRating,agentHireYear,bossId,agentSalary)

VALUES (728793122,'Amiel Gorodetski',8,8,2001,683733405,20950.0); 

INSERT INTO agent (agentId,agentName,areaId , agentRating,agentHireYear,bossId,agentSalary)

VALUES (729022449,'Avi Cohen',8,7,2004,683733405,22734.0); 

INSERT INTO agent (agentId,agentName,areaId , agentRating,agentHireYear,bossId,agentSalary)

VALUES (736358885,'Jack Suissa',9,1,1995,200320406,5778.0); 

INSERT INTO agent (agentId,agentName,areaId , agentRating,agentHireYear,bossId,agentSalary)

VALUES (738300572,'Amiel Goldberg',9,9,2002,736358885,24837.0); 

INSERT INTO agent(agentId,agentName,areaId , agentRating,agentHireYear,bossId,agentSalary)

VALUES (752297328,'Shimon Tahar',9,4,2009,736358885,28217.0); 

INSERT INTO agent (agentId,agentName,areaId , agentRating,agentHireYear,bossId,agentSalary)
 
VALUES (752356052,'Yoram Beneliyahu',9,2,2001,736358885,17650.0); 

INSERT INTO agent(agentId,agentName,areaId , agentRating,agentHireYear,bossId,agentSalary)

VALUES (753128485,'Zalman Bardaat',9,2,1999,736358885,9487.0); 

INSERT INTO agent(agentId,agentName,areaId , agentRating,agentHireYear,bossId,agentSalary)

VALUES (756787165,'Daniel Ventura',9,4,2001,736358885,26977.0); 

--client
INSERT INTO client(clientId,clientName,agentId,clientPhoneNr,clientAddress,cityName)
VALUES (2190855,'Avi Goldberg',597512357,'0507850848',NULL,'Arad'); 

INSERT INTO client (clientId,clientName,agentId,clientPhoneNr,clientAddress,cityName)
VALUES (3389828,'Ofer Amihud',671878637,'0536155022',NULL,'Yehud'); 

INSERT INTO client(clientId,clientName,agentId,clientPhoneNr,clientAddress,cityName) 
VALUES (5000929,'Gabriel Goldmann',604117504,'0587077203',NULL,'Yavne'); 

INSERT INTO client (clientId,clientName,agentId,clientPhoneNr,clientAddress,cityName)
VALUES (6894158,'Yoram Levy',736358885,'0525020624',NULL,'Shderot'); 

INSERT INTO client (clientId,clientName,agentId,clientPhoneNr,clientAddress,cityName) 
VALUES (8128654,'Yossef Ventura',597322737,'0520296612',NULL,'Lod'); 

INSERT INTO client (clientId,clientName,agentId,clientPhoneNr,clientAddress,cityName)
VALUES (15801086,'Amiel Levy',729022449,'0533133558',NULL,'Rahat'); 

INSERT INTO client (clientId,clientName,agentId,clientPhoneNr,clientAddress,cityName)
VALUES (19170372,'Jack Bouzaglo',756787165,'0507775534',NULL,'Yokneam'); 

INSERT INTO client (clientId,clientName,agentId,clientPhoneNr,clientAddress,cityName) 
VALUES (19362329,'Amiel Benprat',564441324,'0539205889',NULL,'Migdal HaEmek'); 

INSERT INTO client(clientId,clientName,agentId,clientPhoneNr,clientAddress,cityName) 
VALUES (20764142,'Zalman Levy',597512357,'0548498688',NULL,'Or Yehuda'); 

INSERT INTO client(clientId,clientName,agentId,clientPhoneNr,clientAddress,cityName)
VALUES (22939325,'Shimon Benprat',681442399,'0537559178',NULL,'Modiin-Maccabim-Reut'); 

INSERT INTO client (clientId,clientName,agentId,clientPhoneNr,clientAddress,cityName)
VALUES (24598464,'Yoram Ventura',658017097,'0525456700',NULL,'Netivot'); 

INSERT INTO client(clientId,clientName,agentId,clientPhoneNr,clientAddress,cityName) 
VALUES (27865530,'Yaacov Benprat',736358885,'0507675775',NULL,'Acre'); 

INSERT INTO client (clientId,clientName,agentId,clientPhoneNr,clientAddress,cityName)
VALUES (44635211,'Assaf Goldberg',597512357,'0523925652',NULL,'Modiin-Maccabim-Reut'); 

INSERT INTO client (clientId,clientName,agentId,clientPhoneNr,clientAddress,cityName) 
VALUES (45431070,'Yaacov Zehavi',581662917,'0544609576',NULL,'Hertzliya'); 

INSERT INTO client(clientId,clientName,agentId,clientPhoneNr,clientAddress,cityName)
VALUES (63866084,'Ofer Bardaat',560180780,'0503926479',NULL,'Kiryat Ata'); 

INSERT INTO client (clientId,clientName,agentId,clientPhoneNr,clientAddress,cityName)
VALUES (69212955,'Aharon Goldmann',650823903,'0500188715',NULL,'Kiryat Ono'); 

INSERT INTO client (clientId,clientName,agentId,clientPhoneNr,clientAddress,cityName)
VALUES (72356355,'Yechiel Goldmann',676752878,'0526817348',NULL,'Gedera'); 

INSERT INTO client (clientId,clientName,agentId,clientPhoneNr,clientAddress,cityName)
VALUES (72999236,'Assaf Ventura',753128485,'0546638111',NULL,'Holon'); 

INSERT INTO client (clientId,clientName,agentId,clientPhoneNr,clientAddress,cityName) 
VALUES (73650446,'Yaacov Bardaat',681442399,'0585192626',NULL,'Eilat'); 

INSERT INTO client(clientId,clientName,agentId,clientPhoneNr,clientAddress,cityName)
VALUES (78110558,'Avi Benprat',753128485,'0508383451',NULL,'Givat Shmuel'); 

INSERT INTO client (clientId,clientName,agentId,clientPhoneNr,clientAddress,cityName)
VALUES (80186057,'Aharon Ventura',640870972,'0509143627',NULL,'Ramat HaSharon'); 

INSERT INTO client(clientId,clientName,agentId,clientPhoneNr,clientAddress,cityName)
VALUES (88099555,'Moshe Gorodetski',724732338,'0501171372',NULL,'Beitar Illit'); 

INSERT INTO client (clientId,clientName,agentId,clientPhoneNr,clientAddress,cityName)
VALUES (88526497,'Avishai BarAsher',676452965,'0583458002',NULL,'Shfar-am'); 

INSERT INTO client (clientId,clientName,agentId,clientPhoneNr,clientAddress,cityName) 
VALUES (88627833,'Shmuel  Goldmann',729022449,'0548145990',NULL,'Hod HaSharon'); 

INSERT INTO client (clientId,clientName,agentId,clientPhoneNr,clientAddress,cityName)
VALUES (91460284,'Shmuel  Goldenberg',753128485,'0542158959',NULL,'Migdal HaEmek'); 

INSERT INTO client (clientId,clientName,agentId,clientPhoneNr,clientAddress,cityName)
VALUES (92740097,'Aharon Goldenberg',683733405,'0520880351',NULL,'Givatayim'); 

INSERT INTO client(clientId,clientName,agentId,clientPhoneNr,clientAddress,cityName) 
VALUES (98417664,'Avishai Beneliyahu',560180780,'0585623741',NULL,'Kfar Witkin'); 

INSERT INTO client(clientId,clientName,agentId,clientPhoneNr,clientAddress,cityName)
VALUES (98940245,'Yehuda Amichai',597322737,'0535461602',NULL,'Kiryat Malakhi'); 

INSERT INTO client(clientId,clientName,agentId,clientPhoneNr,clientAddress,cityName) 
VALUES (103047956,'Zalman Benprat',728793122,'0503353848',NULL,'Tel Aviv'); 

INSERT INTO client(clientId,clientName,agentId,clientPhoneNr,clientAddress,cityName) 
VALUES (110555065,'Amiel Zalmanovitch',597322737,'0505353020',NULL,'Nazareth'); 

INSERT INTO client (clientId,clientName,agentId,clientPhoneNr,clientAddress,cityName) 
VALUES (115115939,'Yehuda Gorodetski',724732338,'0537904299',NULL,'Kiryat Ata'); 

INSERT INTO client(clientId,clientName,agentId,clientPhoneNr,clientAddress,cityName)
VALUES (115643127,'Assaf Tahar',627327598,'0525806044',NULL,'Maalot-Tarshiha'); 

INSERT INTO client (clientId,clientName,agentId,clientPhoneNr,clientAddress,cityName)
VALUES (117101011,'Yaacov Tahar',559866704,'0509588429',NULL,'Acre'); 

INSERT INTO client (clientId,clientName,agentId,clientPhoneNr,clientAddress,cityName)
VALUES (121049253,'Yehuda Ventura',738300572,'0503355905',NULL,'Ness Tziona'); 

INSERT INTO client(clientId,clientName,agentId,clientPhoneNr,clientAddress,cityName)
VALUES (123135613,'Jack Tahar',626592323,'0540122208',NULL,'Qalansawe'); 

INSERT INTO client (clientId,clientName,agentId,clientPhoneNr,clientAddress,cityName) 
VALUES (124789264,'Shimon Azoulay',607968105,'0534474546',NULL,'Modiin Illit'); 

INSERT INTO client (clientId,clientName,agentId,clientPhoneNr,clientAddress,cityName) 
VALUES (131213514,'Yoram Zalmanovitch',753128485,'0501658904',NULL,'Or Yehuda'); 

INSERT INTO client (clientId,clientName,agentId,clientPhoneNr,clientAddress,cityName)
VALUES (132553719,'Jack Amihud',752297328,'0501702132',NULL,'Ramat Gan'); 

INSERT INTO client(clientId,clientName,agentId,clientPhoneNr,clientAddress,cityName)
VALUES (132793121,'Yehuda Levy',724732338,'0529315606',NULL,'Hod HaSharon'); 

INSERT INTO client(clientId,clientName,agentId,clientPhoneNr,clientAddress,cityName) 
VALUES (136037603,'Ofer Zehavi',752297328,'0504350284',NULL,'Kfar Saba'); 

INSERT INTO client (clientId,clientName,agentId,clientPhoneNr,clientAddress,cityName)
VALUES (145310425,'Moshe Zehavi',725287167,'0549081543',NULL,'Hod HaSharon'); 

INSERT INTO client(clientId,clientName,agentId,clientPhoneNr,clientAddress,cityName)
VALUES (153676885,'Jack Zalmanovitch',701018401,'0548217847',NULL,'Hadera'); 

INSERT INTO client(clientId,clientName,agentId,clientPhoneNr,clientAddress,cityName) 
VALUES (156366795,'Gabriel BarAsher',650823903,'0523905792',NULL,'Rehovot'); 

INSERT INTO client (clientId,clientName,agentId,clientPhoneNr,clientAddress,cityName) 
VALUES (159142131,'Yehuda Bouzaglo',726327922,'0524311369',NULL,'Netanya'); 

INSERT INTO client (clientId,clientName,agentId,clientPhoneNr,clientAddress,cityName)
VALUES (159670900,'Yehuda Cohen',753128485,'0588596031',NULL,'Beersheba'); 

INSERT INTO client(clientId,clientName,agentId,clientPhoneNr,clientAddress,cityName) 
VALUES (168709173,'Yechiel Benprat',560180780,'0543920339',NULL,'Gedera'); 

INSERT INTO client(clientId,clientName,agentId,clientPhoneNr,clientAddress,cityName) 
VALUES (181999773,'Yoram Goldberg',607968105,'0544251072',NULL,'Ashdod'); 

INSERT INTO client(clientId,clientName,agentId,clientPhoneNr,clientAddress,cityName) 
VALUES (192493886,'Amiel Goldmann',650823903,'0524516723',NULL,'Lod'); 

INSERT INTO client(clientId,clientName,agentId,clientPhoneNr,clientAddress,cityName)
VALUES (194361758,'Assaf Gorodetski',604117504,'0506419080',NULL,'Kfar Yona'); 

INSERT INTO client (clientId,clientName,agentId,clientPhoneNr,clientAddress,cityName)
VALUES (210124207,'Jack Zehavi',640870972,'0534608162',NULL,'Kfar Yona'); 

INSERT INTO client (clientId,clientName,agentId,clientPhoneNr,clientAddress,cityName) 
VALUES (212847947,'Ofer Bouzaglo',724732338,'0507666934',NULL,'Lod'); 

INSERT INTO client(clientId,clientName,agentId,clientPhoneNr,clientAddress,cityName) 
VALUES (219426202,'Yossef BarAsher',609002731,'0535263354',NULL,'Haifa'); 

INSERT INTO client (clientId,clientName,agentId,clientPhoneNr,clientAddress,cityName)
VALUES (234980567,'Yoram Goldmann',681442399,'0587127127',NULL,'Jerusalem'); 

INSERT INTO client(clientId,clientName,agentId,clientPhoneNr,clientAddress,cityName)
VALUES (248389204,'Shimon Amichai',615988674,'0504790092',NULL,'Acre'); 

INSERT INTO client(clientId,clientName,agentId,clientPhoneNr,clientAddress,cityName) 
VALUES (249654624,'Avishai Cohen',597322737,'0534994416',NULL,'Kiryat Shmona'); 

INSERT INTO client(clientId,clientName,agentId,clientPhoneNr,clientAddress,cityName)
VALUES (259683399,'Yossef Goldenberg',559866704,'0509256376',NULL,'Givat Shmuel'); 

INSERT INTO client (clientId,clientName,agentId,clientPhoneNr,clientAddress,cityName)
VALUES (264966244,'Yehuda Suissa',683733405,'0581868333',NULL,'Netivot'); 

INSERT INTO client (clientId,clientName,agentId,clientPhoneNr,clientAddress,cityName)
VALUES (265186844,'Yossef Bouzaglo',618793789,'0546107099',NULL,'Afula'); 

INSERT INTO client(clientId,clientName,agentId,clientPhoneNr,clientAddress,cityName)
VALUES (272029654,'Amiel Amihud',607968105,'0582225064',NULL,'Kiryat Gat'); 

INSERT INTO client(clientId,clientName,agentId,clientPhoneNr,clientAddress,cityName) 
VALUES (278320006,'Avi Azoulay',640870972,'0528133488',NULL,'Tirat Carmel'); 

INSERT INTO client (clientId,clientName,agentId,clientPhoneNr,clientAddress,cityName)
VALUES (280714288,'Yaacov Suissa',701018401,'0531541986',NULL,'Jerusalem'); 

INSERT INTO client (clientId,clientName,agentId,clientPhoneNr,clientAddress,cityName) 
VALUES (289243756,'Assaf Beneliyahu',752297328,'0585933508',NULL,'Dimona'); 

INSERT INTO client (clientId,clientName,agentId,clientPhoneNr,clientAddress,cityName) 
VALUES (310072080,'Assaf Bardaat',564441324,'0540643940',NULL,'Kiryat Ata'); 

INSERT INTO client (clientId,clientName,agentId,clientPhoneNr,clientAddress,cityName)
VALUES (310463668,'Daniel Zehavi',729022449,'0547153838',NULL,'Nahariya'); 

INSERT INTO client (clientId,clientName,agentId,clientPhoneNr,clientAddress,cityName)
VALUES (322919777,'Moshe Azoulay',648184749,'0524280026',NULL,'Tel Aviv'); 

INSERT INTO client(clientId,clientName,agentId,clientPhoneNr,clientAddress,cityName)
VALUES (332265480,'Avi Tahar',725287167,'0542366045',NULL,'Kiryat Shmona'); 

INSERT INTO client(clientId,clientName,agentId,clientPhoneNr,clientAddress,cityName)
VALUES (335190933,'Aharon Amichai',726327922,'0502603812',NULL,'Raanana'); 

INSERT INTO client (clientId,clientName,agentId,clientPhoneNr,clientAddress,cityName)
VALUES (338857608,'Shimon Amihud',752297328,'0509733243',NULL,'Ramat Gan'); 

INSERT INTO client (clientId,clientName,agentId,clientPhoneNr,clientAddress,cityName)
VALUES (341853362,'Daniel BarAsher',626592323,'0586628774',NULL,'Tira'); 

INSERT INTO client(clientId,clientName,agentId,clientPhoneNr,clientAddress,cityName)
VALUES (344933268,'Zalman Amihud',752297328,'0582162179',NULL,'Ramla'); 

INSERT INTO client(clientId,clientName,agentId,clientPhoneNr,clientAddress,cityName)
VALUES (350401127,'Yoram Zehavi',725287167,'0527197240',NULL,'Maale Adumim'); 

INSERT INTO client (clientId,clientName,agentId,clientPhoneNr,clientAddress,cityName)
VALUES (354363890,'Shmuel  Tahar',607968105,'0589442688',NULL,'Rishon LeTzion'); 

INSERT INTO client(clientId,clientName,agentId,clientPhoneNr,clientAddress,cityName)
VALUES (364340715,'Amiel Bardaat',200320406,'0505951586',NULL,'Qalansawe'); 

INSERT INTO client (clientId,clientName,agentId,clientPhoneNr,clientAddress,cityName)
VALUES (378745145,'Daniel Tahar',597512357,'0586275406',NULL,'Hertzliya'); 

INSERT INTO client (clientId,clientName,agentId,clientPhoneNr,clientAddress,cityName)
VALUES (382381035,'Shimon Ventura',650823903,'0539508550',NULL,'Eilat'); 

INSERT INTO client (clientId,clientName,agentId,clientPhoneNr,clientAddress,cityName)
VALUES (382463885,'Daniel Zalmanovitch',683733405,'0507745709',NULL,'Ashdod'); 

INSERT INTO client (clientId,clientName,agentId,clientPhoneNr,clientAddress,cityName)
VALUES (383479888,'Yoram Bardaat',560458713,'0523361053',NULL,'Lod'); 

INSERT INTO client (clientId,clientName,agentId,clientPhoneNr,clientAddress,cityName)
VALUES (388665252,'Assaf Benprat',569775478,'0585704678',NULL,'Kiryat Motzkin'); 

INSERT INTO client(clientId,clientName,agentId,clientPhoneNr,clientAddress,cityName)
VALUES (393330959,'Yechiel Cohen',752356052,'0502911562',NULL,'Kiryat Gat'); 

INSERT INTO client (clientId,clientName,agentId,clientPhoneNr,clientAddress,cityName)
VALUES (394225733,'Gabriel Gorodetski',618793789,'0545447309',NULL,'Tel Mond'); 

INSERT INTO client(clientId,clientName,agentId,clientPhoneNr,clientAddress,cityName) 
VALUES (403013933,'Avi Levy',654534078,'0580083074',NULL,'Arad'); 

INSERT INTO client (clientId,clientName,agentId,clientPhoneNr,clientAddress,cityName)
VALUES (410481877,'Daniel Goldberg',728793122,'0547170731',NULL,'Kiryat Gat'); 

INSERT INTO client (clientId,clientName,agentId,clientPhoneNr,clientAddress,cityName)
VALUES (420481521,'Yoram Gorodetski',569775478,'0500916026',NULL,'Rehovot'); 

INSERT INTO client (clientId,clientName,agentId,clientPhoneNr,clientAddress,cityName)
VALUES (435638147,'Daniel Bardaat',683733405,'0503120913',NULL,'Even Yehuda'); 

INSERT INTO client (clientId,clientName,agentId,clientPhoneNr,clientAddress,cityName)
VALUES (435914771,'Yossef Bardaat',597322737,'0501018170',NULL,'Tira'); 

INSERT INTO client (clientId,clientName,agentId,clientPhoneNr,clientAddress,cityName)
VALUES (436218147,'Avi Zalmanovitch',626592323,'0528985061',NULL,'Rishon LeTzion'); 

INSERT INTO client (clientId,clientName,agentId,clientPhoneNr,clientAddress,cityName)
VALUES (440908369,'Shmuel  Amichai',627327598,'0508394164',NULL,'Ashkelon'); 

INSERT INTO client (clientId,clientName,agentId,clientPhoneNr,clientAddress,cityName) 
VALUES (441865261,'Zalman Ventura',564441324,'0540086806',NULL,'Yavne'); 

INSERT INTO client(clientId,clientName,agentId,clientPhoneNr,clientAddress,cityName)
VALUES (444705741,'Avi Amichai',607968105,'0587037421',NULL,'Karmiel'); 

INSERT INTO client (clientId,clientName,agentId,clientPhoneNr,clientAddress,cityName)
VALUES (445588413,'Yaacov Beneliyahu',683733405,'0526941984',NULL,'Tel Mond'); 

INSERT INTO client (clientId,clientName,agentId,clientPhoneNr,clientAddress,cityName)
VALUES (450312457,'Moshe Benprat',752297328,'0530470493',NULL,'Ashdod'); 

INSERT INTO client(clientId,clientName,agentId,clientPhoneNr,clientAddress,cityName) 
VALUES (451737927,'Jack Ventura',597322737,'0526101663',NULL,'Lod'); 

INSERT INTO client(clientId,clientName,agentId,clientPhoneNr,clientAddress,cityName) 
VALUES (453728841,'Yehuda Bardaat',200320406,'0538773838',NULL,'Baqa-Jatt'); 

INSERT INTO client (clientId,clientName,agentId,clientPhoneNr,clientAddress,cityName)
VALUES (456142514,'Shmuel  Benprat',640870972,'0532711588',NULL,'Kfar Witkin'); 

INSERT INTO client(clientId,clientName,agentId,clientPhoneNr,clientAddress,cityName)
VALUES (456944414,'Yechiel Amichai',560458713,'0506001842',NULL,'Ashdod'); 

INSERT INTO client (clientId,clientName,agentId,clientPhoneNr,clientAddress,cityName)
VALUES (457561919,'Moshe Amichai',683733405,'0588481532',NULL,'Karmiel'); 

INSERT INTO client(clientId,clientName,agentId,clientPhoneNr,clientAddress,cityName) 
VALUES (459015251,'Yossef Zehavi',756787165,'0506066808',NULL,'Nazareth'); 

INSERT INTO client (clientId,clientName,agentId,clientPhoneNr,clientAddress,cityName)
VALUES (461407718,'Yehuda Zalmanovitch',756787165,'0544675507',NULL,'Karmiel'); 

INSERT INTO client (clientId,clientName,agentId,clientPhoneNr,clientAddress,cityName)
VALUES (463587804,'Jack Amichai',752356052,'0531909674',NULL,'Ramat HaSharon'); 

INSERT INTO client (clientId,clientName,agentId,clientPhoneNr,clientAddress,cityName)
VALUES (469994209,'Yehuda Goldmann',624729530,'0540580131',NULL,'Jerusalem'); 

INSERT INTO client (clientId,clientName,agentId,clientPhoneNr,clientAddress,cityName)
VALUES (486347475,'Yechiel Zehavi',752297328,'0501980830',NULL,'Kafr Qasim'); 

INSERT INTO client (clientId,clientName,agentId,clientPhoneNr,clientAddress,cityName) 
VALUES (489915665,'Yaacov Azoulay',724732338,'0503502683',NULL,'Beit Shemesh'); 

INSERT INTO client (clientId,clientName,agentId,clientPhoneNr,clientAddress,cityName)
VALUES (492155848,'Assaf Amihud',671878637,'0526150054',NULL,'Yavne'); 

INSERT INTO client(clientId,clientName,agentId,clientPhoneNr,clientAddress,cityName)
VALUES (492901445,'Aharon Suissa',676452965,'0545871526',NULL,'Tirat Carmel'); 

INSERT INTO client (clientId,clientName,agentId,clientPhoneNr,clientAddress,cityName) 
VALUES (496243444,'Zalman Goldberg',581662917,'0537405971',NULL,'Ness Tziona'); 

INSERT INTO client (clientId,clientName,agentId,clientPhoneNr,clientAddress,cityName)
VALUES (498993318,'Yehuda Zehavi',752356052,'0536690611',NULL,'Arad'); 

INSERT INTO client (clientId,clientName,agentId,clientPhoneNr,clientAddress,cityName) 
VALUES (502061468,'Yaacov Bouzaglo',615988674,'0539653189',NULL,'Or Yehuda'); 

INSERT INTO client(clientId,clientName,agentId,clientPhoneNr,clientAddress,cityName)
VALUES (507229962,'Moshe Zalmanovitch',200320406,'0541748967',NULL,'Givat Shmuel'); 

INSERT INTO client (clientId,clientName,agentId,clientPhoneNr,clientAddress,cityName)
VALUES (518946142,'Avishai Goldmann',581662917,'0549884675',NULL,'Beit Shemesh'); 

INSERT INTO client(clientId,clientName,agentId,clientPhoneNr,clientAddress,cityName)
VALUES (519938764,'Zalman Azoulay',660084321,'0581941351',NULL,'Lod'); 

INSERT INTO client (clientId,clientName,agentId,clientPhoneNr,clientAddress,cityName)
VALUES (519983920,'Daniel Suissa',560180780,'0547990653',NULL,'Beitar Illit'); 

INSERT INTO client(clientId,clientName,agentId,clientPhoneNr,clientAddress,cityName)
VALUES (521309147,'Yechiel Zalmanovitch',683733405,'0539694675',NULL,'Beit Shean'); 

INSERT INTO client(clientId,clientName,agentId,clientPhoneNr,clientAddress,cityName)
VALUES (531997316,'Aharon Zehavi',701018401,'0520430818',NULL,'Kiryat Bialik'); 

INSERT INTO client (clientId,clientName,agentId,clientPhoneNr,clientAddress,cityName) 
VALUES (535070764,'Yossef Beneliyahu',569775478,'0506568515',NULL,'Qalansawe'); 

INSERT INTO client (clientId,clientName,agentId,clientPhoneNr,clientAddress,cityName)
VALUES (538296238,'Shmuel  BarAsher',660084321,'0540571861',NULL,'Kiryat Ata'); 

INSERT INTO client (clientId,clientName,agentId,clientPhoneNr,clientAddress,cityName)
VALUES (539601794,'Jack Benprat',676452965,'0536437716',NULL,'Haifa'); 

INSERT INTO client (clientId,clientName,agentId,clientPhoneNr,clientAddress,cityName)
VALUES (541541445,'Yossef Goldmann',597322737,'0539325488',NULL,'Modiin Illit'); 

INSERT INTO client (clientId,clientName,agentId,clientPhoneNr,clientAddress,cityName)
VALUES (556904532,'Avi Bouzaglo',581662917,'0534819405',NULL,'Afula'); 

INSERT INTO client (clientId,clientName,agentId,clientPhoneNr,clientAddress,cityName)
VALUES (557624632,'Zalman BarAsher',607968105,'0537641907',NULL,'Arad'); 

--schedule

INSERT INTO schedule (agentId,clientId,meetingTime)
VALUES (729022449,2190855,to_date('28/09/2017 09:00', 'DD/MM/YYYY HH24:MI')); 

INSERT INTO schedule(agentId,clientId,meetingTime)
VALUES (729022449,2190855,to_date('30/09/2017 10:00', 'DD/MM/YYYY HH24:MI')); 

INSERT INTO schedule (agentId,clientId,meetingTime) 
VALUES (729022449,2190855,to_date('9/03/2017 09:00', 'DD/MM/YYYY HH24:MI')); 

INSERT INTO schedule (agentId,clientId,meetingTime)
VALUES (729022449,2190855,to_date('2/12/2018 12:00', 'DD/MM/YYYY HH24:MI')); 

INSERT INTO schedule (agentId,clientId,meetingTime) 
VALUES (640870972,3389828,to_date('15/09/2018 13:00', 'DD/MM/YYYY HH24:MI')); 

INSERT INTO schedule (agentId,clientId,meetingTime)
VALUES (640870972,3389828,to_date('11/07/2017 12:00', 'DD/MM/YYYY HH24:MI')); 

INSERT INTO schedule (agentId,clientId,meetingTime) 
VALUES (640870972,3389828,to_date('12/08/2017 14:00', 'DD/MM/YYYY HH24:MI')); 

INSERT INTO schedule (agentId,clientId,meetingTime) 
VALUES (640870972,3389828,to_date('7/12/2017 11:00', 'DD/MM/YYYY HH24:MI')); 

INSERT INTO schedule(agentId,clientId,meetingTime) 
VALUES (724732338,5000929,to_date('24/02/2018 13:00', 'DD/MM/YYYY HH24:MI')); 

INSERT INTO schedule (agentId,clientId,meetingTime) 
VALUES (724732338,5000929,to_date('14/10/2018 10:00', 'DD/MM/YYYY HH24:MI')); 

INSERT INTO schedule (agentId,clientId,meetingTime)
VALUES (724732338,5000929,to_date('8/07/2017 09:00', 'DD/MM/YYYY HH24:MI')); 

INSERT INTO schedule (agentId,clientId,meetingTime) 
VALUES (724732338,5000929,to_date('3/07/2018 10:00', 'DD/MM/YYYY HH24:MI')); 

INSERT INTO schedule (agentId,clientId,meetingTime) 
VALUES (618793789,6894158,to_date('6/12/2017 14:00', 'DD/MM/YYYY HH24:MI')); 

INSERT INTO schedule (agentId,clientId,meetingTime)
VALUES (618793789,6894158,to_date('22/05/2017 12:00', 'DD/MM/YYYY HH24:MI')); 

INSERT INTO schedule (agentId,clientId,meetingTime) 
VALUES (618793789,6894158,to_date('25/06/2018 12:00', 'DD/MM/YYYY HH24:MI')); 

INSERT INTO schedule (agentId,clientId,meetingTime)
VALUES (618793789,6894158,to_date('7/11/2018 11:00', 'DD/MM/YYYY HH24:MI')); 

INSERT INTO schedule (agentId,clientId,meetingTime)
VALUES (729022449,8128654,to_date('20/07/2017 15:00', 'DD/MM/YYYY HH24:MI')); 

INSERT INTO schedule (agentId,clientId,meetingTime)
VALUES (729022449,8128654,to_date('14/09/2017 17:00', 'DD/MM/YYYY HH24:MI')); 

INSERT INTO schedule (agentId,clientId,meetingTime)
VALUES (729022449,8128654,to_date('13/02/2017 16:00', 'DD/MM/YYYY HH24:MI')); 

INSERT INTO schedule (agentId,clientId,meetingTime)
VALUES (729022449,8128654,to_date('19/03/2017 17:00', 'DD/MM/YYYY HH24:MI')); 

INSERT INTO schedule(agentId,clientId,meetingTime)
VALUES (640870972,15801086,to_date('24/05/2017 13:00', 'DD/MM/YYYY HH24:MI')); 

INSERT INTO schedule(agentId,clientId,meetingTime) 
VALUES (640870972,15801086,to_date('30/03/2017 13:00', 'DD/MM/YYYY HH24:MI')); 

INSERT INTO schedule(agentId,clientId,meetingTime)
VALUES (640870972,15801086,to_date('5/03/2018 09:00', 'DD/MM/YYYY HH24:MI')); 

INSERT INTO schedule (agentId,clientId,meetingTime)
VALUES (640870972,15801086,to_date('26/02/2018 16:00', 'DD/MM/YYYY HH24:MI')); 

INSERT INTO schedule (agentId,clientId,meetingTime) 
VALUES (615988674,19170372,to_date('20/05/2018 11:00', 'DD/MM/YYYY HH24:MI')); 

INSERT INTO schedule(agentId,clientId,meetingTime)
VALUES (615988674,19170372,to_date('21/01/2017 14:00', 'DD/MM/YYYY HH24:MI')); 

INSERT INTO schedule (agentId,clientId,meetingTime) 
VALUES (615988674,19170372,to_date('3/08/2017 11:00', 'DD/MM/YYYY HH24:MI')); 

INSERT INTO schedule(agentId,clientId,meetingTime)
VALUES (615988674,19170372,to_date('23/01/2018 09:00', 'DD/MM/YYYY HH24:MI')); 

INSERT INTO schedule (agentId,clientId,meetingTime)
VALUES (752297328,19362329,to_date('11/01/2018 14:00', 'DD/MM/YYYY HH24:MI')); 

INSERT INTO schedule (agentId,clientId,meetingTime)
VALUES (752297328,19362329,to_date('5/01/2018 10:00', 'DD/MM/YYYY HH24:MI')); 

INSERT INTO schedule (agentId,clientId,meetingTime)
VALUES (752297328,19362329,to_date('18/10/2017 12:00', 'DD/MM/YYYY HH24:MI')); 

INSERT INTO schedule (agentId,clientId,meetingTime)
VALUES (752297328,19362329,to_date('30/11/2017 11:00', 'DD/MM/YYYY HH24:MI')); 

INSERT INTO schedule (agentId,clientId,meetingTime)
VALUES (648184749,20764142,to_date('15/05/2018 14:00', 'DD/MM/YYYY HH24:MI')); 

INSERT INTO schedule (agentId,clientId,meetingTime)
VALUES (648184749,20764142,to_date('22/03/2017 09:00', 'DD/MM/YYYY HH24:MI')); 

INSERT INTO schedule (agentId,clientId,meetingTime) 
VALUES (648184749,20764142,to_date('28/02/2018 13:00', 'DD/MM/YYYY HH24:MI')); 

INSERT INTO schedule (agentId,clientId,meetingTime) 
VALUES (648184749,20764142,to_date('15/09/2017 16:00', 'DD/MM/YYYY HH24:MI')); 

INSERT INTO schedule(agentId,clientId,meetingTime)
VALUES (648184749,22939325,to_date('31/07/2018 10:00', 'DD/MM/YYYY HH24:MI')); 

INSERT INTO schedule (agentId,clientId,meetingTime)
VALUES (648184749,22939325,to_date('1/03/2018 14:00', 'DD/MM/YYYY HH24:MI')); 

INSERT INTO schedule (agentId,clientId,meetingTime)
VALUES (648184749,22939325,to_date('18/04/2017 17:00', 'DD/MM/YYYY HH24:MI')); 

INSERT INTO schedule (agentId,clientId,meetingTime)
VALUES (648184749,22939325,to_date('4/03/2018 11:00', 'DD/MM/YYYY HH24:MI')); 

INSERT INTO schedule (agentId,clientId,meetingTime)
VALUES (736358885,24598464,to_date('8/04/2018 12:00', 'DD/MM/YYYY HH24:MI')); 

INSERT INTO schedule (agentId,clientId,meetingTime)
VALUES (736358885,24598464,to_date('15/01/2018 09:00', 'DD/MM/YYYY HH24:MI')); 

INSERT INTO schedule(agentId,clientId,meetingTime)
VALUES (736358885,24598464,to_date('25/07/2017 16:00', 'DD/MM/YYYY HH24:MI')); 

INSERT INTO schedule (agentId,clientId,meetingTime) 
VALUES (736358885,24598464,to_date('30/06/2018 10:00', 'DD/MM/YYYY HH24:MI')); 

INSERT INTO schedule (agentId,clientId,meetingTime)
VALUES (726327922,27865530,to_date('23/11/2018 12:00', 'DD/MM/YYYY HH24:MI')); 

INSERT INTO schedule (agentId,clientId,meetingTime) 
VALUES (726327922,27865530,to_date('11/05/2018 11:00', 'DD/MM/YYYY HH24:MI')); 

INSERT INTO schedule (agentId,clientId,meetingTime) 
VALUES (726327922,27865530,to_date('6/01/2018 16:00', 'DD/MM/YYYY HH24:MI')); 

INSERT INTO schedule(agentId,clientId,meetingTime)
VALUES (726327922,27865530,to_date('28/06/2017 10:00', 'DD/MM/YYYY HH24:MI')); 

INSERT INTO schedule(agentId,clientId,meetingTime)
VALUES (607968105,44635211,to_date('25/05/2018 14:00', 'DD/MM/YYYY HH24:MI')); 

INSERT INTO schedule (agentId,clientId,meetingTime)
VALUES (607968105,44635211,to_date('16/06/2018 12:00', 'DD/MM/YYYY HH24:MI')); 

INSERT INTO schedule(agentId,clientId,meetingTime) 
VALUES (607968105,44635211,to_date('9/06/2018 16:00', 'DD/MM/YYYY HH24:MI')); 

INSERT INTO schedule(agentId,clientId,meetingTime)
VALUES (607968105,44635211,to_date('31/01/2017 16:00', 'DD/MM/YYYY HH24:MI')); 

INSERT INTO schedule (agentId,clientId,meetingTime)
VALUES (701018401,45431070,to_date('11/02/2018 13:00', 'DD/MM/YYYY HH24:MI')); 

INSERT INTO schedule (agentId,clientId,meetingTime)
VALUES (701018401,45431070,to_date('2/12/2017 14:00', 'DD/MM/YYYY HH24:MI')); 

INSERT INTO schedule (agentId,clientId,meetingTime)
VALUES (701018401,45431070,to_date('31/12/2017 09:00', 'DD/MM/YYYY HH24:MI')); 

INSERT INTO schedule (agentId,clientId,meetingTime)
VALUES (701018401,45431070,to_date('30/10/2018 09:00', 'DD/MM/YYYY HH24:MI')); 

INSERT INTO schedule (agentId,clientId,meetingTime) 
VALUES (597512357,63866084,to_date('10/11/2017 15:00', 'DD/MM/YYYY HH24:MI')); 

INSERT INTO schedule (agentId,clientId,meetingTime)
VALUES (597512357,63866084,to_date('10/04/2018 16:00', 'DD/MM/YYYY HH24:MI')); 

INSERT INTO schedule (agentId,clientId,meetingTime)
VALUES (597512357,63866084,to_date('1/04/2017 09:00', 'DD/MM/YYYY HH24:MI')); 

INSERT INTO schedule(agentId,clientId,meetingTime)
VALUES (597512357,63866084,to_date('16/04/2017 12:00', 'DD/MM/YYYY HH24:MI')); 

INSERT INTO schedule(agentId,clientId,meetingTime) 
VALUES (701018401,69212955,to_date('9/06/2018 09:00', 'DD/MM/YYYY HH24:MI')); 

INSERT INTO schedule (agentId,clientId,meetingTime)
VALUES (701018401,69212955,to_date('1/02/2018 17:00', 'DD/MM/YYYY HH24:MI')); 

INSERT INTO schedule(agentId,clientId,meetingTime)
VALUES (701018401,69212955,to_date('20/02/2018 14:00', 'DD/MM/YYYY HH24:MI')); 

INSERT INTO schedule (agentId,clientId,meetingTime)
VALUES (701018401,69212955,to_date('7/06/2017 16:00', 'DD/MM/YYYY HH24:MI')); 

INSERT INTO schedule(agentId,clientId,meetingTime)
VALUES (683733405,72356355,to_date('4/12/2017 09:00', 'DD/MM/YYYY HH24:MI')); 

INSERT INTO schedule(agentId,clientId,meetingTime) 
VALUES (683733405,72356355,to_date('22/09/2017 17:00', 'DD/MM/YYYY HH24:MI')); 

INSERT INTO schedule (agentId,clientId,meetingTime)
VALUES (683733405,72356355,to_date('5/10/2017 13:00', 'DD/MM/YYYY HH24:MI')); 

INSERT INTO schedule (agentId,clientId,meetingTime)
VALUES (683733405,72356355,to_date('22/07/2018 16:00', 'DD/MM/YYYY HH24:MI')); 

INSERT INTO schedule(agentId,clientId,meetingTime)
VALUES (676752878,72999236,to_date('15/11/2017 13:00', 'DD/MM/YYYY HH24:MI')); 

INSERT INTO schedule(agentId,clientId,meetingTime)
VALUES (676752878,72999236,to_date('25/11/2017 14:00', 'DD/MM/YYYY HH24:MI')); 

INSERT INTO schedule (agentId,clientId,meetingTime)
VALUES (676752878,72999236,to_date('2/11/2017 17:00', 'DD/MM/YYYY HH24:MI')); 

INSERT INTO schedule (agentId,clientId,meetingTime)
VALUES (676752878,72999236,to_date('10/08/2018 13:00', 'DD/MM/YYYY HH24:MI')); 

INSERT INTO schedule (agentId,clientId,meetingTime)
VALUES (597322737,73650446,to_date('8/11/2018 16:00', 'DD/MM/YYYY HH24:MI')); 

INSERT INTO schedule (agentId,clientId,meetingTime)
VALUES (597322737,73650446,to_date('2/06/2018 15:00', 'DD/MM/YYYY HH24:MI')); 

INSERT INTO schedule (agentId,clientId,meetingTime)
VALUES (597322737,73650446,to_date('3/11/2017 17:00', 'DD/MM/YYYY HH24:MI')); 

INSERT INTO schedule (agentId,clientId,meetingTime)
VALUES (597322737,73650446,to_date('16/05/2017 15:00', 'DD/MM/YYYY HH24:MI')); 

INSERT INTO schedule(agentId,clientId,meetingTime) 
VALUES (615988674,78110558,to_date('17/12/2017 10:00', 'DD/MM/YYYY HH24:MI')); 

INSERT INTO schedule(agentId,clientId,meetingTime)
VALUES (615988674,78110558,to_date('8/06/2017 13:00', 'DD/MM/YYYY HH24:MI')); 

INSERT INTO schedule (agentId,clientId,meetingTime)
VALUES (615988674,78110558,to_date('10/02/2018 09:00', 'DD/MM/YYYY HH24:MI')); 

INSERT INTO schedule(agentId,clientId,meetingTime)
VALUES (615988674,78110558,to_date('10/04/2018 12:00', 'DD/MM/YYYY HH24:MI')); 

INSERT INTO schedule(agentId,clientId,meetingTime)
VALUES (615988674,80186057,to_date('9/06/2018 11:00', 'DD/MM/YYYY HH24:MI')); 

INSERT INTO schedule(agentId,clientId,meetingTime)
VALUES (615988674,80186057,to_date('7/08/2017 12:00', 'DD/MM/YYYY HH24:MI')); 

INSERT INTO schedule(agentId,clientId,meetingTime)
VALUES (615988674,80186057,to_date('24/09/2018 12:00', 'DD/MM/YYYY HH24:MI')); 

INSERT INTO schedule(agentId,clientId,meetingTime)
VALUES (615988674,80186057,to_date('25/08/2017 10:00', 'DD/MM/YYYY HH24:MI')); 

INSERT INTO schedule(agentId,clientId,meetingTime)
VALUES (650823903,88099555,to_date('16/02/2018 15:00', 'DD/MM/YYYY HH24:MI')); 

INSERT INTO schedule(agentId,clientId,meetingTime)
VALUES (650823903,88099555,to_date('29/03/2018 09:00', 'DD/MM/YYYY HH24:MI')); 

INSERT INTO schedule (agentId,clientId,meetingTime)
VALUES (650823903,88099555,to_date('22/11/2018 15:00', 'DD/MM/YYYY HH24:MI')); 

INSERT INTO schedule(agentId,clientId,meetingTime)
VALUES (650823903,88099555,to_date('25/10/2018 14:00', 'DD/MM/YYYY HH24:MI')); 

INSERT INTO schedule(agentId,clientId,meetingTime)
VALUES (607968105,88526497,to_date('30/03/2018 14:00', 'DD/MM/YYYY HH24:MI')); 

INSERT INTO schedule(agentId,clientId,meetingTime)
VALUES (607968105,88526497,to_date('4/05/2017 15:00', 'DD/MM/YYYY HH24:MI')); 

INSERT INTO schedule (agentId,clientId,meetingTime)
VALUES (607968105,88526497,to_date('5/08/2017 15:00', 'DD/MM/YYYY HH24:MI')); 

INSERT INTO schedule (agentId,clientId,meetingTime) 
VALUES (607968105,88526497,to_date('20/06/2018 14:00', 'DD/MM/YYYY HH24:MI')); 

INSERT INTO schedule(agentId,clientId,meetingTime)
VALUES (640870972,88627833,to_date('29/04/2017 13:00', 'DD/MM/YYYY HH24:MI')); 

INSERT INTO schedule (agentId,clientId,meetingTime)
VALUES (640870972,88627833,to_date('23/11/2017 10:00', 'DD/MM/YYYY HH24:MI')); 

INSERT INTO schedule(agentId,clientId,meetingTime)
VALUES (640870972,88627833,to_date('2/09/2018 13:00', 'DD/MM/YYYY HH24:MI')); 

INSERT INTO schedule(agentId,clientId,meetingTime)
VALUES (640870972,88627833,to_date('25/09/2017 17:00', 'DD/MM/YYYY HH24:MI')); 

INSERT INTO schedule (agentId,clientId,meetingTime)
VALUES (640870972,91460284,to_date('12/06/2018 12:00', 'DD/MM/YYYY HH24:MI')); 

INSERT INTO schedule(agentId,clientId,meetingTime) 
VALUES (640870972,91460284,to_date('28/04/2018 17:00', 'DD/MM/YYYY HH24:MI')); 

INSERT INTO schedule (agentId,clientId,meetingTime)
VALUES (640870972,91460284,to_date('3/11/2017 11:00', 'DD/MM/YYYY HH24:MI')); 

INSERT INTO schedule (agentId,clientId,meetingTime)
VALUES (640870972,91460284,to_date('25/11/2017 09:00', 'DD/MM/YYYY HH24:MI')); 

INSERT INTO schedule(agentId,clientId,meetingTime)
VALUES (615988674,92740097,to_date('29/07/2018 13:00', 'DD/MM/YYYY HH24:MI')); 

INSERT INTO schedule(agentId,clientId,meetingTime)
VALUES (615988674,92740097,to_date('19/08/2017 16:00', 'DD/MM/YYYY HH24:MI')); 

INSERT INTO schedule (agentId,clientId,meetingTime)
VALUES (615988674,92740097,to_date('4/10/2017 17:00', 'DD/MM/YYYY HH24:MI')); 

INSERT INTO schedule(agentId,clientId,meetingTime)
VALUES (615988674,92740097,to_date('7/06/2017 10:00', 'DD/MM/YYYY HH24:MI')); 

INSERT INTO schedule (agentId,clientId,meetingTime)
VALUES (640870972,98417664,to_date('6/08/2018 13:00', 'DD/MM/YYYY HH24:MI')); 

INSERT INTO schedule (agentId,clientId,meetingTime)
VALUES (640870972,98417664,to_date('16/04/2017 16:00', 'DD/MM/YYYY HH24:MI')); 

INSERT INTO schedule (agentId,clientId,meetingTime)
VALUES (640870972,98417664,to_date('23/08/2018 11:00', 'DD/MM/YYYY HH24:MI')); 

INSERT INTO schedule(agentId,clientId,meetingTime) 
VALUES (640870972,98417664,to_date('7/05/2018 10:00', 'DD/MM/YYYY HH24:MI')); 

INSERT INTO schedule (agentId,clientId,meetingTime) 
VALUES (624729530,98940245,to_date('3/03/2017 10:00', 'DD/MM/YYYY HH24:MI')); 

INSERT INTO schedule (agentId,clientId,meetingTime) 
VALUES (624729530,98940245,to_date('26/06/2017 13:00', 'DD/MM/YYYY HH24:MI')); 

INSERT INTO schedule (agentId,clientId,meetingTime) 
VALUES (624729530,98940245,to_date('21/02/2018 14:00', 'DD/MM/YYYY HH24:MI')); 

INSERT INTO schedule(agentId,clientId,meetingTime) 
VALUES (624729530,98940245,to_date('7/03/2017 11:00', 'DD/MM/YYYY HH24:MI')); 

INSERT INTO schedule (agentId,clientId,meetingTime)  
VALUES (650823903,103047956,to_date('20/02/2017 11:00', 'DD/MM/YYYY HH24:MI')); 

INSERT INTO schedule(agentId,clientId,meetingTime) 
VALUES (650823903,103047956,to_date('20/04/2017 09:00', 'DD/MM/YYYY HH24:MI')); 

INSERT INTO schedule(agentId,clientId,meetingTime) 
VALUES (650823903,103047956,to_date('30/05/2017 15:00', 'DD/MM/YYYY HH24:MI')); 

INSERT INTO schedule (agentId,clientId,meetingTime) 
VALUES (650823903,103047956,to_date('3/02/2017 11:00', 'DD/MM/YYYY HH24:MI')); 

INSERT INTO schedule (agentId,clientId,meetingTime) 
VALUES (676752878,110555065,to_date('6/09/2018 14:00', 'DD/MM/YYYY HH24:MI')); 

INSERT INTO schedule (agentId,clientId,meetingTime) 
VALUES (676752878,110555065,to_date('24/08/2018 10:00', 'DD/MM/YYYY HH24:MI')); 

INSERT INTO schedule (agentId,clientId,meetingTime) 
VALUES (676752878,110555065,to_date('2/10/2018 11:00', 'DD/MM/YYYY HH24:MI')); 

INSERT INTO schedule(agentId,clientId,meetingTime) 
VALUES (676752878,110555065,to_date('28/04/2017 15:00', 'DD/MM/YYYY HH24:MI')); 

INSERT INTO schedule (agentId,clientId,meetingTime) 
VALUES (609002731,115115939,to_date('28/11/2017 14:00', 'DD/MM/YYYY HH24:MI')); 

INSERT INTO schedule (agentId,clientId,meetingTime) 
VALUES (609002731,115115939,to_date('8/10/2018 13:00', 'DD/MM/YYYY HH24:MI')); 

INSERT INTO schedule(agentId,clientId,meetingTime)  
VALUES (609002731,115115939,to_date('22/09/2017 17:00', 'DD/MM/YYYY HH24:MI')); 

INSERT INTO schedule (agentId,clientId,meetingTime) 
VALUES (609002731,115115939,to_date('3/09/2018 12:00', 'DD/MM/YYYY HH24:MI')); 

INSERT INTO schedule (agentId,clientId,meetingTime)  
VALUES (660084321,115643127,to_date('16/10/2018 17:00', 'DD/MM/YYYY HH24:MI')); 

INSERT INTO schedule(agentId,clientId,meetingTime) 
VALUES (660084321,115643127,to_date('4/02/2017 09:00', 'DD/MM/YYYY HH24:MI')); 

INSERT INTO schedule(agentId,clientId,meetingTime) 
VALUES (660084321,115643127,to_date('2/08/2018 16:00', 'DD/MM/YYYY HH24:MI')); 

INSERT INTO schedule (agentId,clientId,meetingTime)  
VALUES (660084321,115643127,to_date('5/10/2018 17:00', 'DD/MM/YYYY HH24:MI')); 

INSERT INTO schedule (agentId,clientId,meetingTime) 
VALUES (724732338,117101011,to_date('15/03/2017 16:00', 'DD/MM/YYYY HH24:MI')); 

INSERT INTO schedule(agentId,clientId,meetingTime) 
VALUES (724732338,117101011,to_date('26/12/2018 14:00', 'DD/MM/YYYY HH24:MI')); 

INSERT INTO schedule (agentId,clientId,meetingTime)  
VALUES (724732338,117101011,to_date('19/06/2017 11:00', 'DD/MM/YYYY HH24:MI')); 

INSERT INTO schedule (agentId,clientId,meetingTime)  
VALUES (724732338,117101011,to_date('2/11/2017 12:00', 'DD/MM/YYYY HH24:MI')); 

INSERT INTO schedule(agentId,clientId,meetingTime) 
VALUES (726327922,121049253,to_date('17/03/2018 10:00', 'DD/MM/YYYY HH24:MI')); 

INSERT INTO schedule(agentId,clientId,meetingTime) 
VALUES (726327922,121049253,to_date('7/04/2017 10:00', 'DD/MM/YYYY HH24:MI')); 

INSERT INTO schedule(agentId,clientId,meetingTime) 
VALUES (726327922,121049253,to_date('2/02/2018 09:00', 'DD/MM/YYYY HH24:MI')); 

INSERT INTO schedule (agentId,clientId,meetingTime)  
VALUES (726327922,121049253,to_date('10/08/2017 10:00', 'DD/MM/YYYY HH24:MI')); 

INSERT INTO schedule(agentId,clientId,meetingTime) 
VALUES (736358885,123135613,to_date('3/11/2018 17:00', 'DD/MM/YYYY HH24:MI')); 

INSERT INTO schedule (agentId,clientId,meetingTime)  
VALUES (736358885,123135613,to_date('21/04/2017 10:00', 'DD/MM/YYYY HH24:MI')); 

INSERT INTO schedule (agentId,clientId,meetingTime) 
VALUES (736358885,123135613,to_date('21/02/2017 11:00', 'DD/MM/YYYY HH24:MI')); 

INSERT INTO schedule (agentId,clientId,meetingTime) 
VALUES (736358885,123135613,to_date('12/03/2018 15:00', 'DD/MM/YYYY HH24:MI')); 

INSERT INTO schedule(agentId,clientId,meetingTime) 
VALUES (701018401,124789264,to_date('11/04/2017 10:00', 'DD/MM/YYYY HH24:MI')); 

INSERT INTO schedule(agentId,clientId,meetingTime) 
VALUES (701018401,124789264,to_date('26/04/2017 11:00', 'DD/MM/YYYY HH24:MI')); 

INSERT INTO schedule (agentId,clientId,meetingTime) 
VALUES (701018401,124789264,to_date('14/03/2017 14:00', 'DD/MM/YYYY HH24:MI')); 

INSERT INTO schedule (agentId,clientId,meetingTime) 
VALUES (701018401,124789264,to_date('17/10/2017 12:00', 'DD/MM/YYYY HH24:MI')); 

INSERT INTO schedule (agentId,clientId,meetingTime) 
VALUES (627327598,131213514,to_date('25/12/2018 09:00', 'DD/MM/YYYY HH24:MI')); 

INSERT INTO schedule(agentId,clientId,meetingTime) 
VALUES (627327598,131213514,to_date('18/02/2018 10:00', 'DD/MM/YYYY HH24:MI')); 

INSERT INTO schedule (agentId,clientId,meetingTime)  
VALUES (627327598,131213514,to_date('23/07/2018 13:00', 'DD/MM/YYYY HH24:MI')); 

INSERT INTO schedule(agentId,clientId,meetingTime) 
VALUES (627327598,131213514,to_date('24/10/2018 14:00', 'DD/MM/YYYY HH24:MI')); 

INSERT INTO schedule (agentId,clientId,meetingTime) 
VALUES (624729530,132553719,to_date('19/06/2017 10:00', 'DD/MM/YYYY HH24:MI')); 

INSERT INTO schedule (agentId,clientId,meetingTime) 
VALUES (624729530,132553719,to_date('29/10/2018 16:00', 'DD/MM/YYYY HH24:MI')); 

INSERT INTO schedule(agentId,clientId,meetingTime) 
VALUES (624729530,132553719,to_date('22/02/2018 11:00', 'DD/MM/YYYY HH24:MI')); 

INSERT INTO schedule(agentId,clientId,meetingTime) 
VALUES (624729530,132553719,to_date('30/01/2018 14:00', 'DD/MM/YYYY HH24:MI')); 

INSERT INTO schedule (agentId,clientId,meetingTime) 
VALUES (729022449,132793121,to_date('29/10/2017 11:00', 'DD/MM/YYYY HH24:MI')); 

INSERT INTO schedule (agentId,clientId,meetingTime) 
VALUES (729022449,132793121,to_date('16/10/2017 16:00', 'DD/MM/YYYY HH24:MI')); 

INSERT INTO schedule(agentId,clientId,meetingTime) 
VALUES (729022449,132793121,to_date('1/04/2018 11:00', 'DD/MM/YYYY HH24:MI')); 

INSERT INTO schedule(agentId,clientId,meetingTime) 
VALUES (729022449,132793121,to_date('1/08/2017 14:00', 'DD/MM/YYYY HH24:MI')); 

INSERT INTO schedule (agentId,clientId,meetingTime)  
VALUES (650823903,136037603,to_date('31/07/2018 15:00', 'DD/MM/YYYY HH24:MI')); 

INSERT INTO schedule (agentId,clientId,meetingTime) 
VALUES (650823903,136037603,to_date('27/02/2018 14:00', 'DD/MM/YYYY HH24:MI')); 

INSERT INTO schedule (agentId,clientId,meetingTime)  
VALUES (650823903,136037603,to_date('7/07/2018 15:00', 'DD/MM/YYYY HH24:MI')); 

INSERT INTO schedule (agentId,clientId,meetingTime) 
VALUES (650823903,136037603,to_date('29/09/2017 16:00', 'DD/MM/YYYY HH24:MI')); 

INSERT INTO schedule (agentId,clientId,meetingTime) 
VALUES (618793789,145310425,to_date('17/04/2017 14:00', 'DD/MM/YYYY HH24:MI')); 

INSERT INTO schedule (agentId,clientId,meetingTime)  
VALUES (618793789,145310425,to_date('4/01/2018 12:00', 'DD/MM/YYYY HH24:MI')); 

INSERT INTO schedule (agentId,clientId,meetingTime)  
VALUES (618793789,145310425,to_date('27/11/2017 09:00', 'DD/MM/YYYY HH24:MI')); 

INSERT INTO schedule (agentId,clientId,meetingTime) 
VALUES (618793789,145310425,to_date('19/05/2018 14:00', 'DD/MM/YYYY HH24:MI')); 

INSERT INTO schedule (agentId,clientId,meetingTime) 
VALUES (753128485,153676885,to_date('15/11/2017 16:00', 'DD/MM/YYYY HH24:MI')); 

INSERT INTO schedule (agentId,clientId,meetingTime)  
VALUES (753128485,153676885,to_date('28/03/2018 16:00', 'DD/MM/YYYY HH24:MI')); 

INSERT INTO schedule (agentId,clientId,meetingTime) 
VALUES (753128485,153676885,to_date('15/02/2017 11:00', 'DD/MM/YYYY HH24:MI')); 

INSERT INTO schedule (agentId,clientId,meetingTime)  
VALUES (753128485,153676885,to_date('5/07/2017 13:00', 'DD/MM/YYYY HH24:MI')); 

INSERT INTO schedule (agentId,clientId,meetingTime) 
VALUES (564441324,156366795,to_date('9/03/2018 12:00', 'DD/MM/YYYY HH24:MI')); 

INSERT INTO schedule (agentId,clientId,meetingTime) 
VALUES (564441324,156366795,to_date('28/12/2017 09:00', 'DD/MM/YYYY HH24:MI')); 

INSERT INTO schedule(agentId,clientId,meetingTime) 
VALUES (564441324,156366795,to_date('14/03/2017 15:00', 'DD/MM/YYYY HH24:MI')); 

INSERT INTO schedule (agentId,clientId,meetingTime) 
VALUES (564441324,156366795,to_date('13/08/2017 11:00', 'DD/MM/YYYY HH24:MI')); 

INSERT INTO schedule (agentId,clientId,meetingTime) 
VALUES (597322737,159142131,to_date('10/03/2018 16:00', 'DD/MM/YYYY HH24:MI')); 

INSERT INTO schedule (agentId,clientId,meetingTime) 
VALUES (597322737,159142131,to_date('11/08/2018 09:00', 'DD/MM/YYYY HH24:MI')); 

INSERT INTO schedule (agentId,clientId,meetingTime) 
VALUES (597322737,159142131,to_date('6/06/2017 11:00', 'DD/MM/YYYY HH24:MI')); 

INSERT INTO schedule(agentId,clientId,meetingTime) 
VALUES (597322737,159142131,to_date('9/10/2017 17:00', 'DD/MM/YYYY HH24:MI')); 

INSERT INTO schedule (agentId,clientId,meetingTime) 
VALUES (627327598,159670900,to_date('20/06/2017 10:00', 'DD/MM/YYYY HH24:MI')); 

INSERT INTO schedule(agentId,clientId,meetingTime) 
VALUES (627327598,159670900,to_date('10/05/2018 17:00', 'DD/MM/YYYY HH24:MI')); 

INSERT INTO schedule (agentId,clientId,meetingTime) 
VALUES (627327598,159670900,to_date('30/03/2018 09:00', 'DD/MM/YYYY HH24:MI')); 

INSERT INTO schedule (agentId,clientId,meetingTime) 
VALUES (627327598,159670900,to_date('31/05/2017 14:00', 'DD/MM/YYYY HH24:MI')); 

INSERT INTO schedule(agentId,clientId,meetingTime) 
VALUES (650823903,168709173,to_date('10/04/2018 11:00', 'DD/MM/YYYY HH24:MI')); 

INSERT INTO schedule(agentId,clientId,meetingTime) 
VALUES (650823903,168709173,to_date('9/05/2018 17:00', 'DD/MM/YYYY HH24:MI')); 

INSERT INTO schedule (agentId,clientId,meetingTime)  
VALUES (650823903,168709173,to_date('21/02/2017 15:00', 'DD/MM/YYYY HH24:MI')); 

INSERT INTO schedule (agentId,clientId,meetingTime) 
VALUES (650823903,168709173,to_date('26/09/2018 12:00', 'DD/MM/YYYY HH24:MI')); 

INSERT INTO schedule (agentId,clientId,meetingTime) 
VALUES (615988674,181999773,to_date('14/07/2018 15:00', 'DD/MM/YYYY HH24:MI')); 

INSERT INTO schedule (agentId,clientId,meetingTime) 
VALUES (615988674,181999773,to_date('20/03/2017 14:00', 'DD/MM/YYYY HH24:MI')); 

INSERT INTO schedule (agentId,clientId,meetingTime)  
VALUES (615988674,181999773,to_date('30/10/2018 10:00', 'DD/MM/YYYY HH24:MI')); 

INSERT INTO schedule (agentId,clientId,meetingTime) 
VALUES (615988674,181999773,to_date('27/06/2017 10:00', 'DD/MM/YYYY HH24:MI')); 

INSERT INTO schedule (agentId,clientId,meetingTime) 
VALUES (609002731,192493886,to_date('8/03/2017 09:00', 'DD/MM/YYYY HH24:MI')); 

INSERT INTO schedule (agentId,clientId,meetingTime) 
VALUES (609002731,192493886,to_date('21/09/2017 10:00', 'DD/MM/YYYY HH24:MI')); 

INSERT INTO schedule (agentId,clientId,meetingTime)  
VALUES (609002731,192493886,to_date('11/04/2018 15:00', 'DD/MM/YYYY HH24:MI')); 

INSERT INTO schedule(agentId,clientId,meetingTime) 
VALUES (609002731,192493886,to_date('26/12/2017 11:00', 'DD/MM/YYYY HH24:MI')); 

INSERT INTO schedule (agentId,clientId,meetingTime) 
VALUES (624729530,194361758,to_date('26/03/2018 15:00', 'DD/MM/YYYY HH24:MI')); 

INSERT INTO schedule (agentId,clientId,meetingTime) 
VALUES (624729530,194361758,to_date('8/03/2017 11:00', 'DD/MM/YYYY HH24:MI')); 

INSERT INTO schedule (agentId,clientId,meetingTime) 
VALUES (624729530,194361758,to_date('12/11/2018 10:00', 'DD/MM/YYYY HH24:MI')); 

INSERT INTO schedule(agentId,clientId,meetingTime) 
VALUES (624729530,194361758,to_date('30/01/2017 13:00', 'DD/MM/YYYY HH24:MI')); 

INSERT INTO schedule (agentId,clientId,meetingTime) 
VALUES (683733405,210124207,to_date('9/08/2018 11:00', 'DD/MM/YYYY HH24:MI')); 

INSERT INTO schedule(agentId,clientId,meetingTime)  
VALUES (683733405,210124207,to_date('28/05/2018 11:00', 'DD/MM/YYYY HH24:MI')); 

INSERT INTO schedule (agentId,clientId,meetingTime) 
VALUES (683733405,210124207,to_date('15/11/2017 17:00', 'DD/MM/YYYY HH24:MI')); 

INSERT INTO schedule (agentId,clientId,meetingTime) 
VALUES (683733405,210124207,to_date('29/11/2018 17:00', 'DD/MM/YYYY HH24:MI')); 

INSERT INTO schedule(agentId,clientId,meetingTime) 
VALUES (648184749,212847947,to_date('14/06/2018 12:00', 'DD/MM/YYYY HH24:MI')); 

INSERT INTO schedule (agentId,clientId,meetingTime) 
VALUES (648184749,212847947,to_date('26/02/2018 17:00', 'DD/MM/YYYY HH24:MI')); 

INSERT INTO schedule(agentId,clientId,meetingTime) 
VALUES (648184749,212847947,to_date('22/07/2018 13:00', 'DD/MM/YYYY HH24:MI')); 

INSERT INTO schedule (agentId,clientId,meetingTime) 
VALUES (648184749,212847947,to_date('28/02/2017 13:00', 'DD/MM/YYYY HH24:MI')); 

INSERT INTO schedule (agentId,clientId,meetingTime) 
VALUES (728793122,219426202,to_date('21/09/2017 10:00', 'DD/MM/YYYY HH24:MI')); 

INSERT INTO schedule(agentId,clientId,meetingTime) 
VALUES (728793122,219426202,to_date('22/09/2018 16:00', 'DD/MM/YYYY HH24:MI')); 

INSERT INTO schedule (agentId,clientId,meetingTime) 
VALUES (728793122,219426202,to_date('3/11/2018 17:00', 'DD/MM/YYYY HH24:MI')); 

INSERT INTO schedule (agentId,clientId,meetingTime) 
VALUES (728793122,219426202,to_date('27/02/2018 10:00', 'DD/MM/YYYY HH24:MI')); 

INSERT INTO schedule (agentId,clientId,meetingTime) 
VALUES (604117504,234980567,to_date('11/04/2017 12:00', 'DD/MM/YYYY HH24:MI')); 

INSERT INTO schedule (agentId,clientId,meetingTime) 
VALUES (604117504,234980567,to_date('27/04/2018 16:00', 'DD/MM/YYYY HH24:MI')); 

INSERT INTO schedule(agentId,clientId,meetingTime)  
VALUES (604117504,234980567,to_date('5/08/2017 11:00', 'DD/MM/YYYY HH24:MI')); 

INSERT INTO schedule(agentId,clientId,meetingTime) 
VALUES (604117504,234980567,to_date('12/11/2018 12:00', 'DD/MM/YYYY HH24:MI')); 

INSERT INTO schedule (agentId,clientId,meetingTime) 
VALUES (607968105,248389204,to_date('13/06/2017 12:00', 'DD/MM/YYYY HH24:MI')); 

INSERT INTO schedule(agentId,clientId,meetingTime) 
VALUES (607968105,248389204,to_date('11/07/2017 09:00', 'DD/MM/YYYY HH24:MI')); 

INSERT INTO schedule (agentId,clientId,meetingTime)  
VALUES (607968105,248389204,to_date('21/06/2018 15:00', 'DD/MM/YYYY HH24:MI')); 

INSERT INTO schedule(agentId,clientId,meetingTime) 
VALUES (607968105,248389204,to_date('8/07/2017 15:00', 'DD/MM/YYYY HH24:MI')); 

INSERT INTO schedule (agentId,clientId,meetingTime) 
VALUES (607968105,249654624,to_date('26/05/2018 13:00', 'DD/MM/YYYY HH24:MI')); 

INSERT INTO schedule (agentId,clientId,meetingTime) 
VALUES (607968105,249654624,to_date('8/06/2018 14:00', 'DD/MM/YYYY HH24:MI')); 

INSERT INTO schedule(agentId,clientId,meetingTime) 
VALUES (607968105,249654624,to_date('13/02/2018 16:00', 'DD/MM/YYYY HH24:MI')); 

INSERT INTO schedule (agentId,clientId,meetingTime) 
VALUES (607968105,249654624,to_date('16/05/2017 14:00', 'DD/MM/YYYY HH24:MI')); 

INSERT INTO schedule (agentId,clientId,meetingTime) 
VALUES (624729530,259683399,to_date('22/07/2017 11:00', 'DD/MM/YYYY HH24:MI')); 

INSERT INTO schedule (agentId,clientId,meetingTime)  
VALUES (624729530,259683399,to_date('19/08/2018 16:00', 'DD/MM/YYYY HH24:MI')); 

INSERT INTO schedule (agentId,clientId,meetingTime) 
VALUES (624729530,259683399,to_date('10/11/2018 10:00', 'DD/MM/YYYY HH24:MI')); 

INSERT INTO schedule (agentId,clientId,meetingTime) 
VALUES (624729530,259683399,to_date('21/05/2018 11:00', 'DD/MM/YYYY HH24:MI')); 

INSERT INTO schedule (agentId,clientId,meetingTime) 
VALUES (626592323,264966244,to_date('12/04/2017 16:00', 'DD/MM/YYYY HH24:MI')); 

INSERT INTO schedule (agentId,clientId,meetingTime) 
VALUES (626592323,264966244,to_date('7/08/2017 14:00', 'DD/MM/YYYY HH24:MI')); 

INSERT INTO schedule (agentId,clientId,meetingTime) 
VALUES (626592323,264966244,to_date('11/06/2018 12:00', 'DD/MM/YYYY HH24:MI')); 

INSERT INTO schedule(agentId,clientId,meetingTime) 
VALUES (626592323,264966244,to_date('19/06/2017 15:00', 'DD/MM/YYYY HH24:MI')); 

INSERT INTO schedule (agentId,clientId,meetingTime) 
VALUES (640870972,265186844,to_date('19/09/2017 14:00', 'DD/MM/YYYY HH24:MI')); 

INSERT INTO schedule (agentId,clientId,meetingTime) 
VALUES (640870972,265186844,to_date('12/02/2018 17:00', 'DD/MM/YYYY HH24:MI')); 

INSERT INTO schedule (agentId,clientId,meetingTime) 
VALUES (640870972,265186844,to_date('8/05/2018 14:00', 'DD/MM/YYYY HH24:MI')); 

INSERT INTO schedule (agentId,clientId,meetingTime) 
VALUES (640870972,265186844,to_date('22/12/2017 13:00', 'DD/MM/YYYY HH24:MI')); 

INSERT INTO schedule (agentId,clientId,meetingTime) 
VALUES (683733405,272029654,to_date('22/01/2017 13:00', 'DD/MM/YYYY HH24:MI')); 

INSERT INTO schedule(agentId,clientId,meetingTime) 
VALUES (683733405,272029654,to_date('1/09/2017 16:00', 'DD/MM/YYYY HH24:MI')); 

INSERT INTO schedule (agentId,clientId,meetingTime)  

VALUES (683733405,272029654,to_date('1/05/2018 10:00', 'DD/MM/YYYY HH24:MI')); 

INSERT INTO schedule(agentId,clientId,meetingTime) 
VALUES (683733405,272029654,to_date('23/03/2018 16:00', 'DD/MM/YYYY HH24:MI')); 

INSERT INTO schedule(agentId,clientId,meetingTime)  
VALUES (597512357,278320006,to_date('25/12/2018 15:00', 'DD/MM/YYYY HH24:MI')); 

INSERT INTO schedule(agentId,clientId,meetingTime) 
VALUES (597512357,278320006,to_date('5/02/2017 17:00', 'DD/MM/YYYY HH24:MI')); 

INSERT INTO schedule(agentId,clientId,meetingTime) 
VALUES (597512357,278320006,to_date('19/11/2017 10:00', 'DD/MM/YYYY HH24:MI')); 

INSERT INTO schedule (agentId,clientId,meetingTime) 
VALUES (597512357,278320006,to_date('19/03/2018 12:00', 'DD/MM/YYYY HH24:MI')); 

INSERT INTO schedule(agentId,clientId,meetingTime) 
VALUES (607968105,280714288,to_date('8/02/2018 09:00', 'DD/MM/YYYY HH24:MI')); 

INSERT INTO schedule (agentId,clientId,meetingTime) 
VALUES (607968105,280714288,to_date('21/09/2018 12:00', 'DD/MM/YYYY HH24:MI')); 

INSERT INTO schedule (agentId,clientId,meetingTime) 
VALUES (607968105,280714288,to_date('15/08/2018 15:00', 'DD/MM/YYYY HH24:MI')); 

INSERT INTO schedule (agentId,clientId,meetingTime) 
VALUES (607968105,280714288,to_date('23/04/2017 14:00', 'DD/MM/YYYY HH24:MI')); 

INSERT INTO schedule(agentId,clientId,meetingTime) 
VALUES (681442399,289243756,to_date('11/06/2018 10:00', 'DD/MM/YYYY HH24:MI')); 

INSERT INTO schedule (agentId,clientId,meetingTime) 
VALUES (681442399,289243756,to_date('7/01/2018 09:00', 'DD/MM/YYYY HH24:MI')); 

INSERT INTO schedule (agentId,clientId,meetingTime) 
VALUES (681442399,289243756,to_date('16/05/2017 13:00', 'DD/MM/YYYY HH24:MI')); 

INSERT INTO schedule (agentId,clientId,meetingTime) 
VALUES (681442399,289243756,to_date('28/04/2018 16:00', 'DD/MM/YYYY HH24:MI')); 

INSERT INTO schedule (agentId,clientId,meetingTime)  
VALUES (597512357,310072080,to_date('5/02/2017 11:00', 'DD/MM/YYYY HH24:MI')); 

INSERT INTO schedule (agentId,clientId,meetingTime) 
VALUES (597512357,310072080,to_date('23/06/2018 11:00', 'DD/MM/YYYY HH24:MI')); 

INSERT INTO schedule (agentId,clientId,meetingTime) 
VALUES (597512357,310072080,to_date('5/07/2018 16:00', 'DD/MM/YYYY HH24:MI')); 

INSERT INTO schedule (agentId,clientId,meetingTime) 
VALUES (597512357,310072080,to_date('1/02/2018 12:00', 'DD/MM/YYYY HH24:MI')); 

INSERT INTO schedule (agentId,clientId,meetingTime) 
VALUES (627327598,310463668,to_date('6/05/2018 10:00', 'DD/MM/YYYY HH24:MI')); 

INSERT INTO schedule (agentId,clientId,meetingTime) 
VALUES (627327598,310463668,to_date('21/02/2018 10:00', 'DD/MM/YYYY HH24:MI')); 

INSERT INTO schedule (agentId,clientId,meetingTime) 
VALUES (627327598,310463668,to_date('11/01/2017 14:00', 'DD/MM/YYYY HH24:MI')); 

INSERT INTO schedule(agentId,clientId,meetingTime) 
VALUES (627327598,310463668,to_date('2/04/2017 17:00', 'DD/MM/YYYY HH24:MI')); 

INSERT INTO schedule (agentId,clientId,meetingTime) 
VALUES (654534078,322919777,to_date('5/01/2017 11:00', 'DD/MM/YYYY HH24:MI')); 

INSERT INTO schedule (agentId,clientId,meetingTime) 
VALUES (654534078,322919777,to_date('8/01/2018 12:00', 'DD/MM/YYYY HH24:MI')); 

INSERT INTO schedule (agentId,clientId,meetingTime) 
VALUES (654534078,322919777,to_date('20/03/2018 16:00', 'DD/MM/YYYY HH24:MI')); 

INSERT INTO schedule (agentId,clientId,meetingTime) 
VALUES (654534078,322919777,to_date('8/08/2017 15:00', 'DD/MM/YYYY HH24:MI')); 

INSERT INTO schedule (agentId,clientId,meetingTime) 
VALUES (752356052,332265480,to_date('27/08/2018 13:00', 'DD/MM/YYYY HH24:MI')); 

INSERT INTO schedule (agentId,clientId,meetingTime) 
VALUES (752356052,332265480,to_date('10/09/2017 16:00', 'DD/MM/YYYY HH24:MI')); 

INSERT INTO schedule (agentId,clientId,meetingTime) 
VALUES (752356052,332265480,to_date('17/08/2018 10:00', 'DD/MM/YYYY HH24:MI')); 

INSERT INTO schedule (agentId,clientId,meetingTime) 
VALUES (752356052,332265480,to_date('29/07/2018 16:00', 'DD/MM/YYYY HH24:MI')); 

INSERT INTO schedule (agentId,clientId,meetingTime)
VALUES (752297328,335190933,to_date('24/05/2017 11:00', 'DD/MM/YYYY HH24:MI')); 

INSERT INTO schedule (agentId,clientId,meetingTime)
VALUES (752297328,335190933,to_date('28/06/2018 13:00', 'DD/MM/YYYY HH24:MI')); 

INSERT INTO schedule (agentId,clientId,meetingTime)
VALUES (752297328,335190933,to_date('25/03/2017 17:00', 'DD/MM/YYYY HH24:MI')); 

INSERT INTO schedule (agentId,clientId,meetingTime) 
VALUES (752297328,335190933,to_date('9/03/2017 10:00', 'DD/MM/YYYY HH24:MI')); 

INSERT INTO schedule (agentId,clientId,meetingTime)
VALUES (724732338,338857608,to_date('29/07/2017 15:00', 'DD/MM/YYYY HH24:MI')); 

INSERT INTO schedule(agentId,clientId,meetingTime)
VALUES (724732338,338857608,to_date('24/08/2017 13:00', 'DD/MM/YYYY HH24:MI')); 

INSERT INTO schedule (agentId,clientId,meetingTime)
VALUES (724732338,338857608,to_date('3/03/2018 17:00', 'DD/MM/YYYY HH24:MI')); 

INSERT INTO schedule(agentId,clientId,meetingTime)
VALUES (724732338,338857608,to_date('28/02/2018 12:00', 'DD/MM/YYYY HH24:MI')); 

INSERT INTO schedule (agentId,clientId,meetingTime)
VALUES (607968105,341853362,to_date('6/04/2017 09:00', 'DD/MM/YYYY HH24:MI')); 

INSERT INTO schedule (agentId,clientId,meetingTime)
VALUES (607968105,341853362,to_date('30/01/2018 12:00', 'DD/MM/YYYY HH24:MI')); 

INSERT INTO schedule(agentId,clientId,meetingTime)
VALUES (607968105,341853362,to_date('31/08/2018 10:00', 'DD/MM/YYYY HH24:MI')); 

INSERT INTO schedule (agentId,clientId,meetingTime)
VALUES (607968105,341853362,to_date('15/04/2017 12:00', 'DD/MM/YYYY HH24:MI')); 

INSERT INTO schedule (agentId,clientId,meetingTime)
VALUES (648184749,344933268,to_date('25/10/2018 10:00', 'DD/MM/YYYY HH24:MI')); 

INSERT INTO schedule (agentId,clientId,meetingTime) 
VALUES (648184749,344933268,to_date('11/05/2018 16:00', 'DD/MM/YYYY HH24:MI')); 

INSERT INTO schedule (agentId,clientId,meetingTime)
VALUES (648184749,344933268,to_date('27/03/2017 15:00', 'DD/MM/YYYY HH24:MI')); 

INSERT INTO schedule (agentId,clientId,meetingTime)
VALUES (648184749,344933268,to_date('8/01/2017 13:00', 'DD/MM/YYYY HH24:MI')); 

INSERT INTO schedule (agentId,clientId,meetingTime)
VALUES (597322737,350401127,to_date('31/03/2017 13:00', 'DD/MM/YYYY HH24:MI')); 

INSERT INTO schedule (agentId,clientId,meetingTime)
VALUES (597322737,350401127,to_date('28/02/2018 13:00', 'DD/MM/YYYY HH24:MI')); 

INSERT INTO schedule (agentId,clientId,meetingTime) 
VALUES (597322737,350401127,to_date('17/01/2018 11:00', 'DD/MM/YYYY HH24:MI')); 

INSERT INTO schedule (agentId,clientId,meetingTime) 
VALUES (597322737,350401127,to_date('11/02/2017 15:00', 'DD/MM/YYYY HH24:MI')); 

INSERT INTO schedule (agentId,clientId,meetingTime) 
VALUES (724732338,354363890,to_date('22/06/2018 12:00', 'DD/MM/YYYY HH24:MI')); 

INSERT INTO schedule (agentId,clientId,meetingTime)
VALUES (724732338,354363890,to_date('10/06/2017 09:00', 'DD/MM/YYYY HH24:MI')); 

INSERT INTO schedule(agentId,clientId,meetingTime) 
VALUES (724732338,354363890,to_date('4/02/2018 16:00', 'DD/MM/YYYY HH24:MI')); 

INSERT INTO schedule (agentId,clientId,meetingTime)
VALUES (724732338,354363890,to_date('16/09/2017 09:00', 'DD/MM/YYYY HH24:MI')); 

INSERT INTO schedule (agentId,clientId,meetingTime)
VALUES (725287167,364340715,to_date('25/11/2017 09:00', 'DD/MM/YYYY HH24:MI')); 

INSERT INTO schedule (agentId,clientId,meetingTime)
VALUES (725287167,364340715,to_date('8/12/2018 11:00', 'DD/MM/YYYY HH24:MI')); 

INSERT INTO schedule (agentId,clientId,meetingTime) 
VALUES (725287167,364340715,to_date('10/04/2017 10:00', 'DD/MM/YYYY HH24:MI')); 

INSERT INTO schedule (agentId,clientId,meetingTime) 
VALUES (725287167,364340715,to_date('3/11/2017 16:00', 'DD/MM/YYYY HH24:MI')); 

INSERT INTO schedule (agentId,clientId,meetingTime) 
VALUES (724732338,378745145,to_date('22/12/2017 14:00', 'DD/MM/YYYY HH24:MI')); 

INSERT INTO schedule(agentId,clientId,meetingTime)
VALUES (724732338,378745145,to_date('15/01/2017 15:00', 'DD/MM/YYYY HH24:MI')); 

INSERT INTO schedule (agentId,clientId,meetingTime) 
VALUES (724732338,378745145,to_date('25/10/2018 15:00', 'DD/MM/YYYY HH24:MI')); 

INSERT INTO schedule (agentId,clientId,meetingTime)
VALUES (724732338,378745145,to_date('22/04/2018 16:00', 'DD/MM/YYYY HH24:MI')); 

INSERT INTO schedule (agentId,clientId,meetingTime) 
VALUES (627327598,382381035,to_date('18/03/2018 16:00', 'DD/MM/YYYY HH24:MI')); 

INSERT INTO schedule (agentId,clientId,meetingTime)
VALUES (627327598,382381035,to_date('5/08/2018 10:00', 'DD/MM/YYYY HH24:MI')); 

INSERT INTO schedule (agentId,clientId,meetingTime)
VALUES (627327598,382381035,to_date('9/02/2017 16:00', 'DD/MM/YYYY HH24:MI')); 

INSERT INTO schedule (agentId,clientId,meetingTime)
VALUES (627327598,382381035,to_date('22/08/2017 10:00', 'DD/MM/YYYY HH24:MI')); 

INSERT INTO schedule (agentId,clientId,meetingTime) 
VALUES (724732338,382463885,to_date('14/01/2017 13:00', 'DD/MM/YYYY HH24:MI')); 

INSERT INTO schedule (agentId,clientId,meetingTime) 
VALUES (724732338,382463885,to_date('18/04/2017 13:00', 'DD/MM/YYYY HH24:MI')); 

INSERT INTO schedule(agentId,clientId,meetingTime) 
VALUES (724732338,382463885,to_date('7/12/2017 11:00', 'DD/MM/YYYY HH24:MI')); 

INSERT INTO schedule (agentId,clientId,meetingTime)
VALUES (724732338,382463885,to_date('7/06/2018 10:00', 'DD/MM/YYYY HH24:MI')); 

INSERT INTO schedule (agentId,clientId,meetingTime)
VALUES (661492247,383479888,to_date('4/10/2017 15:00', 'DD/MM/YYYY HH24:MI')); 

INSERT INTO schedule (agentId,clientId,meetingTime)
VALUES (661492247,383479888,to_date('24/11/2018 11:00', 'DD/MM/YYYY HH24:MI')); 

INSERT INTO schedule (agentId,clientId,meetingTime)
VALUES (661492247,383479888,to_date('27/10/2018 13:00', 'DD/MM/YYYY HH24:MI')); 

INSERT INTO schedule (agentId,clientId,meetingTime)
VALUES (661492247,383479888,to_date('27/06/2018 11:00', 'DD/MM/YYYY HH24:MI')); 

INSERT INTO schedule (agentId,clientId,meetingTime)
VALUES (654534078,388665252,to_date('28/09/2018 14:00', 'DD/MM/YYYY HH24:MI')); 

INSERT INTO schedule (agentId,clientId,meetingTime)
VALUES (654534078,388665252,to_date('28/09/2017 10:00', 'DD/MM/YYYY HH24:MI')); 

INSERT INTO schedule(agentId,clientId,meetingTime)
VALUES (654534078,388665252,to_date('26/07/2017 13:00', 'DD/MM/YYYY HH24:MI')); 

INSERT INTO schedule(agentId,clientId,meetingTime) 
VALUES (654534078,388665252,to_date('16/10/2017 15:00', 'DD/MM/YYYY HH24:MI')); 

INSERT INTO schedule (agentId,clientId,meetingTime)
VALUES (728793122,393330959,to_date('9/08/2017 10:00', 'DD/MM/YYYY HH24:MI')); 

INSERT INTO schedule(agentId,clientId,meetingTime)
VALUES (728793122,393330959,to_date('28/02/2017 09:00', 'DD/MM/YYYY HH24:MI')); 

INSERT INTO schedule (agentId,clientId,meetingTime)
VALUES (728793122,393330959,to_date('11/02/2018 09:00', 'DD/MM/YYYY HH24:MI')); 

INSERT INTO schedule (agentId,clientId,meetingTime)
VALUES (728793122,393330959,to_date('15/01/2017 15:00', 'DD/MM/YYYY HH24:MI')); 

INSERT INTO schedule (agentId,clientId,meetingTime)
VALUES (756787165,394225733,to_date('30/06/2017 09:00', 'DD/MM/YYYY HH24:MI')); 

INSERT INTO schedule (agentId,clientId,meetingTime) 
VALUES (756787165,394225733,to_date('10/05/2018 10:00', 'DD/MM/YYYY HH24:MI')); 

INSERT INTO schedule (agentId,clientId,meetingTime)
VALUES (756787165,394225733,to_date('10/06/2018 10:00', 'DD/MM/YYYY HH24:MI')); 

INSERT INTO schedule (agentId,clientId,meetingTime)
VALUES (756787165,394225733,to_date('23/04/2017 11:00', 'DD/MM/YYYY HH24:MI')); 

INSERT INTO schedule (agentId,clientId,meetingTime) 
VALUES (604117504,403013933,to_date('1/11/2018 14:00', 'DD/MM/YYYY HH24:MI')); 

INSERT INTO schedule (agentId,clientId,meetingTime)
VALUES (604117504,403013933,to_date('3/09/2018 12:00', 'DD/MM/YYYY HH24:MI')); 

INSERT INTO schedule (agentId,clientId,meetingTime)
VALUES (604117504,403013933,to_date('21/10/2018 17:00', 'DD/MM/YYYY HH24:MI')); 

INSERT INTO schedule (agentId,clientId,meetingTime) 
VALUES (604117504,403013933,to_date('15/06/2018 12:00', 'DD/MM/YYYY HH24:MI')); 

INSERT INTO schedule (agentId,clientId,meetingTime) 
VALUES (626592323,410481877,to_date('29/10/2017 17:00', 'DD/MM/YYYY HH24:MI')); 

INSERT INTO schedule (agentId,clientId,meetingTime)
VALUES (626592323,410481877,to_date('24/07/2018 13:00', 'DD/MM/YYYY HH24:MI')); 

INSERT INTO schedule (agentId,clientId,meetingTime)
VALUES (626592323,410481877,to_date('11/05/2018 11:00', 'DD/MM/YYYY HH24:MI')); 

INSERT INTO schedule(agentId,clientId,meetingTime)
VALUES (626592323,410481877,to_date('24/11/2018 14:00', 'DD/MM/YYYY HH24:MI')); 

INSERT INTO schedule (agentId,clientId,meetingTime)
VALUES (726327922,420481521,to_date('29/04/2017 12:00', 'DD/MM/YYYY HH24:MI')); 

INSERT INTO schedule (agentId,clientId,meetingTime) 
VALUES (726327922,420481521,to_date('1/01/2017 14:00', 'DD/MM/YYYY HH24:MI')); 

INSERT INTO schedule (agentId,clientId,meetingTime) 
VALUES (726327922,420481521,to_date('21/10/2017 15:00', 'DD/MM/YYYY HH24:MI')); 

INSERT INTO schedule (agentId,clientId,meetingTime) 
VALUES (726327922,420481521,to_date('27/12/2017 11:00', 'DD/MM/YYYY HH24:MI')); 

INSERT INTO schedule (agentId,clientId,meetingTime) 
VALUES (618793789,435638147,to_date('27/08/2018 10:00', 'DD/MM/YYYY HH24:MI')); 

INSERT INTO schedule (agentId,clientId,meetingTime)
VALUES (618793789,435638147,to_date('15/06/2018 10:00', 'DD/MM/YYYY HH24:MI')); 

INSERT INTO schedule (agentId,clientId,meetingTime)
VALUES (618793789,435638147,to_date('25/07/2017 17:00', 'DD/MM/YYYY HH24:MI')); 

INSERT INTO schedule (agentId,clientId,meetingTime) 
VALUES (618793789,435638147,to_date('12/12/2017 09:00', 'DD/MM/YYYY HH24:MI')); 

INSERT INTO schedule (agentId,clientId,meetingTime) 
VALUES (729022449,435914771,to_date('11/06/2017 12:00', 'DD/MM/YYYY HH24:MI')); 

INSERT INTO schedule (agentId,clientId,meetingTime)
VALUES (729022449,435914771,to_date('26/02/2018 12:00', 'DD/MM/YYYY HH24:MI')); 

INSERT INTO schedule (agentId,clientId,meetingTime)
VALUES (729022449,435914771,to_date('2/11/2017 16:00', 'DD/MM/YYYY HH24:MI')); 

INSERT INTO schedule (agentId,clientId,meetingTime) 
VALUES (729022449,435914771,to_date('4/01/2017 16:00', 'DD/MM/YYYY HH24:MI')); 

INSERT INTO schedule (agentId,clientId,meetingTime)
VALUES (753128485,436218147,to_date('8/03/2017 10:00', 'DD/MM/YYYY HH24:MI')); 

INSERT INTO schedule (agentId,clientId,meetingTime)
VALUES (753128485,436218147,to_date('16/06/2018 15:00', 'DD/MM/YYYY HH24:MI')); 

INSERT INTO schedule(agentId,clientId,meetingTime)
VALUES (753128485,436218147,to_date('3/10/2018 10:00', 'DD/MM/YYYY HH24:MI')); 

INSERT INTO schedule (agentId,clientId,meetingTime)
VALUES (753128485,436218147,to_date('4/09/2018 14:00', 'DD/MM/YYYY HH24:MI')); 

INSERT INTO schedule (agentId,clientId,meetingTime)
VALUES (624729530,440908369,to_date('6/07/2018 16:00', 'DD/MM/YYYY HH24:MI')); 

INSERT INTO schedule (agentId,clientId,meetingTime) 
VALUES (624729530,440908369,to_date('3/10/2017 14:00', 'DD/MM/YYYY HH24:MI')); 

INSERT INTO schedule(agentId,clientId,meetingTime)
VALUES (624729530,440908369,to_date('3/07/2017 12:00', 'DD/MM/YYYY HH24:MI')); 

INSERT INTO schedule(agentId,clientId,meetingTime)
VALUES (624729530,440908369,to_date('28/09/2017 13:00', 'DD/MM/YYYY HH24:MI')); 

INSERT INTO schedule (agentId,clientId,meetingTime)
VALUES (648184749,441865261,to_date('19/03/2017 13:00', 'DD/MM/YYYY HH24:MI')); 

INSERT INTO schedule (agentId,clientId,meetingTime)
VALUES (648184749,441865261,to_date('11/04/2018 17:00', 'DD/MM/YYYY HH24:MI')); 

INSERT INTO schedule (agentId,clientId,meetingTime) 
VALUES (648184749,441865261,to_date('8/08/2017 12:00', 'DD/MM/YYYY HH24:MI')); 

INSERT INTO schedule (agentId,clientId,meetingTime)
VALUES (648184749,441865261,to_date('3/02/2018 15:00', 'DD/MM/YYYY HH24:MI')); 

INSERT INTO schedule (agentId,clientId,meetingTime)
VALUES (624729530,444705741,to_date('3/07/2017 11:00', 'DD/MM/YYYY HH24:MI')); 

INSERT INTO schedule (agentId,clientId,meetingTime) 
VALUES (624729530,444705741,to_date('5/06/2017 10:00', 'DD/MM/YYYY HH24:MI')); 

INSERT INTO schedule (agentId,clientId,meetingTime)
VALUES (624729530,444705741,to_date('3/01/2017 13:00', 'DD/MM/YYYY HH24:MI')); 

INSERT INTO schedule(agentId,clientId,meetingTime)
VALUES (624729530,444705741,to_date('28/02/2018 11:00', 'DD/MM/YYYY HH24:MI')); 

INSERT INTO schedule (agentId,clientId,meetingTime)
VALUES (681442399,445588413,to_date('12/06/2017 15:00', 'DD/MM/YYYY HH24:MI')); 

INSERT INTO schedule (agentId,clientId,meetingTime)
VALUES (681442399,445588413,to_date('13/04/2017 13:00', 'DD/MM/YYYY HH24:MI')); 

INSERT INTO schedule (agentId,clientId,meetingTime) 
VALUES (681442399,445588413,to_date('16/11/2017 10:00', 'DD/MM/YYYY HH24:MI')); 

INSERT INTO schedule (agentId,clientId,meetingTime)
VALUES (681442399,445588413,to_date('11/01/2018 11:00', 'DD/MM/YYYY HH24:MI')); 

INSERT INTO schedule (agentId,clientId,meetingTime)
VALUES (597512357,450312457,to_date('7/09/2017 14:00', 'DD/MM/YYYY HH24:MI')); 

INSERT INTO schedule (agentId,clientId,meetingTime)
VALUES (597512357,450312457,to_date('14/03/2018 13:00', 'DD/MM/YYYY HH24:MI')); 

INSERT INTO schedule (agentId,clientId,meetingTime)
VALUES (597512357,450312457,to_date('8/06/2018 12:00', 'DD/MM/YYYY HH24:MI')); 

INSERT INTO schedule(agentId,clientId,meetingTime)
VALUES (597512357,450312457,to_date('16/11/2018 09:00', 'DD/MM/YYYY HH24:MI')); 

INSERT INTO schedule (agentId,clientId,meetingTime) 
VALUES (627327598,451737927,to_date('2/08/2018 13:00', 'DD/MM/YYYY HH24:MI')); 

INSERT INTO schedule(agentId,clientId,meetingTime) 
VALUES (627327598,451737927,to_date('3/11/2017 10:00', 'DD/MM/YYYY HH24:MI')); 

INSERT INTO schedule (agentId,clientId,meetingTime) 
VALUES (627327598,451737927,to_date('8/10/2018 09:00', 'DD/MM/YYYY HH24:MI')); 

INSERT INTO schedule (agentId,clientId,meetingTime)
VALUES (627327598,451737927,to_date('16/03/2018 16:00', 'DD/MM/YYYY HH24:MI')); 

INSERT INTO schedule (agentId,clientId,meetingTime)
VALUES (736358885,453728841,to_date('25/09/2017 17:00', 'DD/MM/YYYY HH24:MI')); 

INSERT INTO schedule (agentId,clientId,meetingTime) 
VALUES (736358885,453728841,to_date('3/08/2017 09:00', 'DD/MM/YYYY HH24:MI')); 

INSERT INTO schedule (agentId,clientId,meetingTime)
VALUES (736358885,453728841,to_date('6/01/2018 15:00', 'DD/MM/YYYY HH24:MI')); 

INSERT INTO schedule (agentId,clientId,meetingTime)
VALUES (736358885,453728841,to_date('9/03/2017 17:00', 'DD/MM/YYYY HH24:MI')); 

INSERT INTO schedule (agentId,clientId,meetingTime) 
VALUES (729022449,456142514,to_date('28/05/2017 09:00', 'DD/MM/YYYY HH24:MI')); 

INSERT INTO schedule(agentId,clientId,meetingTime)
VALUES (729022449,456142514,to_date('19/06/2018 13:00', 'DD/MM/YYYY HH24:MI')); 

INSERT INTO schedule (agentId,clientId,meetingTime) 
VALUES (729022449,456142514,to_date('9/04/2017 11:00', 'DD/MM/YYYY HH24:MI')); 

INSERT INTO schedule (agentId,clientId,meetingTime)
VALUES (729022449,456142514,to_date('3/02/2017 11:00', 'DD/MM/YYYY HH24:MI')); 

INSERT INTO schedule (agentId,clientId,meetingTime)
VALUES (618793789,456944414,to_date('4/03/2018 15:00', 'DD/MM/YYYY HH24:MI')); 

INSERT INTO schedule (agentId,clientId,meetingTime)
VALUES (618793789,456944414,to_date('23/06/2017 09:00', 'DD/MM/YYYY HH24:MI')); 

INSERT INTO schedule (agentId,clientId,meetingTime)
VALUES (618793789,456944414,to_date('8/08/2018 11:00', 'DD/MM/YYYY HH24:MI')); 

INSERT INTO schedule (agentId,clientId,meetingTime)
VALUES (618793789,456944414,to_date('5/04/2017 11:00', 'DD/MM/YYYY HH24:MI')); 

INSERT INTO schedule(agentId,clientId,meetingTime)
VALUES (738300572,457561919,to_date('7/04/2017 16:00', 'DD/MM/YYYY HH24:MI')); 

INSERT INTO schedule (agentId,clientId,meetingTime) 
VALUES (738300572,457561919,to_date('19/10/2018 13:00', 'DD/MM/YYYY HH24:MI')); 

INSERT INTO schedule (agentId,clientId,meetingTime)
VALUES (738300572,457561919,to_date('24/10/2017 14:00', 'DD/MM/YYYY HH24:MI')); 

INSERT INTO schedule (agentId,clientId,meetingTime) 
VALUES (738300572,457561919,to_date('6/05/2017 13:00', 'DD/MM/YYYY HH24:MI')); 

INSERT INTO schedule(agentId,clientId,meetingTime)
VALUES (728793122,459015251,to_date('13/06/2017 09:00', 'DD/MM/YYYY HH24:MI')); 

INSERT INTO schedule (agentId,clientId,meetingTime)
VALUES (728793122,459015251,to_date('6/04/2018 14:00', 'DD/MM/YYYY HH24:MI')); 

INSERT INTO schedule (agentId,clientId,meetingTime)
VALUES (728793122,459015251,to_date('13/03/2018 16:00', 'DD/MM/YYYY HH24:MI')); 

INSERT INTO schedule (agentId,clientId,meetingTime)
VALUES (728793122,459015251,to_date('15/09/2018 10:00', 'DD/MM/YYYY HH24:MI')); 

INSERT INTO schedule (agentId,clientId,meetingTime)
VALUES (728793122,461407718,to_date('23/12/2017 17:00', 'DD/MM/YYYY HH24:MI')); 

INSERT INTO schedule(agentId,clientId,meetingTime) 
VALUES (728793122,461407718,to_date('20/01/2018 12:00', 'DD/MM/YYYY HH24:MI')); 

INSERT INTO schedule (agentId,clientId,meetingTime)
VALUES (728793122,461407718,to_date('9/12/2018 11:00', 'DD/MM/YYYY HH24:MI')); 

INSERT INTO schedule (agentId,clientId,meetingTime)
VALUES (728793122,461407718,to_date('18/12/2017 10:00', 'DD/MM/YYYY HH24:MI')); 

INSERT INTO schedule (agentId,clientId,meetingTime)
VALUES (615988674,463587804,to_date('3/01/2017 10:00', 'DD/MM/YYYY HH24:MI')); 

INSERT INTO schedule (agentId,clientId,meetingTime) 
VALUES (615988674,463587804,to_date('22/11/2017 16:00', 'DD/MM/YYYY HH24:MI')); 

INSERT INTO schedule (agentId,clientId,meetingTime)
VALUES (615988674,463587804,to_date('16/10/2018 17:00', 'DD/MM/YYYY HH24:MI')); 

INSERT INTO schedule(agentId,clientId,meetingTime)
VALUES (615988674,463587804,to_date('6/01/2017 10:00', 'DD/MM/YYYY HH24:MI')); 

INSERT INTO schedule (agentId,clientId,meetingTime)
VALUES (701018401,469994209,to_date('2/12/2017 11:00', 'DD/MM/YYYY HH24:MI')); 

INSERT INTO schedule (agentId,clientId,meetingTime)
VALUES (701018401,469994209,to_date('10/11/2018 16:00', 'DD/MM/YYYY HH24:MI')); 

INSERT INTO schedule (agentId,clientId,meetingTime)
VALUES (701018401,469994209,to_date('27/11/2017 17:00', 'DD/MM/YYYY HH24:MI')); 

INSERT INTO schedule (agentId,clientId,meetingTime)
VALUES (701018401,469994209,to_date('19/05/2018 16:00', 'DD/MM/YYYY HH24:MI')); 

INSERT INTO schedule (agentId,clientId,meetingTime)
VALUES (640870972,486347475,to_date('18/08/2018 09:00', 'DD/MM/YYYY HH24:MI')); 

INSERT INTO schedule (agentId,clientId,meetingTime)
VALUES (640870972,486347475,to_date('20/04/2017 15:00', 'DD/MM/YYYY HH24:MI')); 

INSERT INTO schedule (agentId,clientId,meetingTime)
VALUES (640870972,486347475,to_date('12/07/2018 15:00', 'DD/MM/YYYY HH24:MI')); 

INSERT INTO schedule (agentId,clientId,meetingTime) 
VALUES (640870972,486347475,to_date('6/07/2017 17:00', 'DD/MM/YYYY HH24:MI')); 

INSERT INTO schedule (agentId,clientId,meetingTime) 
VALUES (729022449,489915665,to_date('25/12/2018 17:00', 'DD/MM/YYYY HH24:MI')); 

INSERT INTO schedule (agentId,clientId,meetingTime)
VALUES (729022449,489915665,to_date('6/06/2017 13:00', 'DD/MM/YYYY HH24:MI')); 

INSERT INTO schedule (agentId,clientId,meetingTime)
VALUES (729022449,489915665,to_date('26/02/2017 12:00', 'DD/MM/YYYY HH24:MI')); 

INSERT INTO schedule (agentId,clientId,meetingTime)
VALUES (729022449,489915665,to_date('1/02/2018 12:00', 'DD/MM/YYYY HH24:MI')); 

INSERT INTO schedule(agentId,clientId,meetingTime)
VALUES (564441324,492155848,to_date('14/08/2018 09:00', 'DD/MM/YYYY HH24:MI')); 

INSERT INTO schedule (agentId,clientId,meetingTime) 
VALUES (564441324,492155848,to_date('7/07/2017 17:00', 'DD/MM/YYYY HH24:MI')); 

INSERT INTO schedule (agentId,clientId,meetingTime) 
VALUES (564441324,492155848,to_date('31/07/2017 12:00', 'DD/MM/YYYY HH24:MI')); 

INSERT INTO schedule (agentId,clientId,meetingTime) 
VALUES (564441324,492155848,to_date('14/09/2017 17:00', 'DD/MM/YYYY HH24:MI')); 

INSERT INTO schedule (agentId,clientId,meetingTime)
VALUES (738300572,492901445,to_date('9/08/2017 10:00', 'DD/MM/YYYY HH24:MI')); 

INSERT INTO schedule (agentId,clientId,meetingTime)
VALUES (738300572,492901445,to_date('28/04/2017 11:00', 'DD/MM/YYYY HH24:MI')); 

INSERT INTO schedule (agentId,clientId,meetingTime)
VALUES (738300572,492901445,to_date('18/01/2018 11:00', 'DD/MM/YYYY HH24:MI')); 

INSERT INTO schedule (agentId,clientId,meetingTime)
VALUES (738300572,492901445,to_date('26/10/2017 10:00', 'DD/MM/YYYY HH24:MI')); 

INSERT INTO schedule(agentId,clientId,meetingTime) 
VALUES (627327598,496243444,to_date('16/10/2018 10:00', 'DD/MM/YYYY HH24:MI')); 

INSERT INTO schedule (agentId,clientId,meetingTime)
VALUES (627327598,496243444,to_date('22/01/2018 14:00', 'DD/MM/YYYY HH24:MI')); 

INSERT INTO schedule (agentId,clientId,meetingTime) 
VALUES (627327598,496243444,to_date('9/09/2018 11:00', 'DD/MM/YYYY HH24:MI')); 

INSERT INTO schedule (agentId,clientId,meetingTime) 
VALUES (627327598,496243444,to_date('8/12/2018 16:00', 'DD/MM/YYYY HH24:MI')); 

INSERT INTO schedule (agentId,clientId,meetingTime)
VALUES (728793122,498993318,to_date('5/04/2018 13:00', 'DD/MM/YYYY HH24:MI')); 

INSERT INTO schedule (agentId,clientId,meetingTime)
VALUES (728793122,498993318,to_date('23/10/2018 09:00', 'DD/MM/YYYY HH24:MI')); 

INSERT INTO schedule (agentId,clientId,meetingTime) 
VALUES (728793122,498993318,to_date('27/06/2017 17:00', 'DD/MM/YYYY HH24:MI')); 

INSERT INTO schedule (agentId,clientId,meetingTime)
VALUES (728793122,498993318,to_date('5/02/2018 11:00', 'DD/MM/YYYY HH24:MI')); 

INSERT INTO schedule (agentId,clientId,meetingTime) 
VALUES (615988674,502061468,to_date('19/01/2018 15:00', 'DD/MM/YYYY HH24:MI')); 

INSERT INTO schedule (agentId,clientId,meetingTime)
VALUES (615988674,502061468,to_date('15/03/2018 11:00', 'DD/MM/YYYY HH24:MI')); 

INSERT INTO schedule (agentId,clientId,meetingTime) 
VALUES (615988674,502061468,to_date('19/03/2018 10:00', 'DD/MM/YYYY HH24:MI')); 

INSERT INTO schedule(agentId,clientId,meetingTime)
VALUES (615988674,502061468,to_date('29/01/2018 10:00', 'DD/MM/YYYY HH24:MI')); 

INSERT INTO schedule (agentId,clientId,meetingTime) 
VALUES (738300572,507229962,to_date('2/06/2018 13:00', 'DD/MM/YYYY HH24:MI')); 

INSERT INTO schedule (agentId,clientId,meetingTime)
VALUES (738300572,507229962,to_date('19/08/2017 16:00', 'DD/MM/YYYY HH24:MI')); 

INSERT INTO schedule(agentId,clientId,meetingTime)
VALUES (738300572,507229962,to_date('27/06/2018 11:00', 'DD/MM/YYYY HH24:MI')); 

INSERT INTO schedule (agentId,clientId,meetingTime)
VALUES (738300572,507229962,to_date('25/09/2018 14:00', 'DD/MM/YYYY HH24:MI')); 

INSERT INTO schedule (agentId,clientId,meetingTime)
VALUES (701018401,518946142,to_date('11/01/2017 14:00', 'DD/MM/YYYY HH24:MI')); 

INSERT INTO schedule(agentId,clientId,meetingTime)
VALUES (701018401,518946142,to_date('1/09/2017 17:00', 'DD/MM/YYYY HH24:MI')); 

INSERT INTO schedule (agentId,clientId,meetingTime)
VALUES (701018401,518946142,to_date('22/03/2017 11:00', 'DD/MM/YYYY HH24:MI')); 

INSERT INTO schedule (agentId,clientId,meetingTime)
VALUES (701018401,518946142,to_date('3/03/2018 13:00', 'DD/MM/YYYY HH24:MI')); 

INSERT INTO schedule (agentId,clientId,meetingTime) 
VALUES (627327598,519938764,to_date('28/02/2017 09:00', 'DD/MM/YYYY HH24:MI')); 

INSERT INTO schedule (agentId,clientId,meetingTime) 
VALUES (627327598,519938764,to_date('8/11/2018 12:00', 'DD/MM/YYYY HH24:MI')); 

INSERT INTO schedule (agentId,clientId,meetingTime)
VALUES (627327598,519938764,to_date('7/03/2017 11:00', 'DD/MM/YYYY HH24:MI')); 

INSERT INTO schedule (agentId,clientId,meetingTime) 
VALUES (627327598,519938764,to_date('23/09/2018 11:00', 'DD/MM/YYYY HH24:MI')); 

INSERT INTO schedule (agentId,clientId,meetingTime) 
VALUES (615988674,519983920,to_date('21/08/2017 14:00', 'DD/MM/YYYY HH24:MI')); 

INSERT INTO schedule (agentId,clientId,meetingTime) 
VALUES (615988674,519983920,to_date('3/12/2017 12:00', 'DD/MM/YYYY HH24:MI')); 

INSERT INTO schedule (agentId,clientId,meetingTime) 
VALUES (615988674,519983920,to_date('15/05/2017 11:00', 'DD/MM/YYYY HH24:MI')); 

INSERT INTO schedule (agentId,clientId,meetingTime)
VALUES (615988674,519983920,to_date('31/12/2018 10:00', 'DD/MM/YYYY HH24:MI')); 

INSERT INTO schedule (agentId,clientId,meetingTime)
VALUES (728793122,521309147,to_date('29/03/2017 12:00', 'DD/MM/YYYY HH24:MI')); 

INSERT INTO schedule (agentId,clientId,meetingTime)
VALUES (728793122,521309147,to_date('13/08/2017 15:00', 'DD/MM/YYYY HH24:MI')); 

INSERT INTO schedule (agentId,clientId,meetingTime)
VALUES (728793122,521309147,to_date('2/05/2018 12:00', 'DD/MM/YYYY HH24:MI')); 

INSERT INTO schedule (agentId,clientId,meetingTime)
VALUES (728793122,521309147,to_date('12/01/2018 13:00', 'DD/MM/YYYY HH24:MI')); 

INSERT INTO schedule(agentId,clientId,meetingTime)
VALUES (728793122,531997316,to_date('28/02/2017 14:00', 'DD/MM/YYYY HH24:MI')); 

INSERT INTO schedule (agentId,clientId,meetingTime)
VALUES (728793122,531997316,to_date('14/09/2017 15:00', 'DD/MM/YYYY HH24:MI')); 

INSERT INTO schedule (agentId,clientId,meetingTime) 
VALUES (728793122,531997316,to_date('9/04/2017 13:00', 'DD/MM/YYYY HH24:MI')); 

INSERT INTO schedule (agentId,clientId,meetingTime)
VALUES (728793122,531997316,to_date('26/05/2017 10:00', 'DD/MM/YYYY HH24:MI')); 

INSERT INTO schedule (agentId,clientId,meetingTime)
VALUES (609002731,535070764,to_date('30/10/2018 14:00', 'DD/MM/YYYY HH24:MI')); 

INSERT INTO schedule (agentId,clientId,meetingTime)
VALUES (609002731,535070764,to_date('25/11/2018 17:00', 'DD/MM/YYYY HH24:MI')); 

INSERT INTO schedule (agentId,clientId,meetingTime) 
VALUES (609002731,535070764,to_date('15/07/2017 15:00', 'DD/MM/YYYY HH24:MI')); 

INSERT INTO schedule (agentId,clientId,meetingTime)
VALUES (609002731,535070764,to_date('22/10/2017 10:00', 'DD/MM/YYYY HH24:MI')); 

INSERT INTO schedule (agentId,clientId,meetingTime) 
VALUES (738300572,538296238,to_date('23/02/2017 16:00', 'DD/MM/YYYY HH24:MI')); 

INSERT INTO schedule (agentId,clientId,meetingTime) 
VALUES (738300572,538296238,to_date('7/02/2018 15:00', 'DD/MM/YYYY HH24:MI')); 

INSERT INTO schedule (agentId,clientId,meetingTime)
VALUES (738300572,538296238,to_date('27/02/2018 17:00', 'DD/MM/YYYY HH24:MI')); 

INSERT INTO schedule (agentId,clientId,meetingTime) 
VALUES (738300572,538296238,to_date('15/02/2018 15:00', 'DD/MM/YYYY HH24:MI')); 

INSERT INTO schedule (agentId,clientId,meetingTime) 
VALUES (736358885,539601794,to_date('1/02/2018 11:00', 'DD/MM/YYYY HH24:MI')); 

INSERT INTO schedule (agentId,clientId,meetingTime)
VALUES (736358885,539601794,to_date('5/02/2017 10:00', 'DD/MM/YYYY HH24:MI')); 

INSERT INTO schedule (agentId,clientId,meetingTime)
VALUES (736358885,539601794,to_date('21/12/2017 09:00', 'DD/MM/YYYY HH24:MI')); 

INSERT INTO schedule (agentId,clientId,meetingTime) 
VALUES (736358885,539601794,to_date('14/02/2017 10:00', 'DD/MM/YYYY HH24:MI')); 

INSERT INTO schedule (agentId,clientId,meetingTime)
VALUES (752356052,541541445,to_date('13/10/2018 11:00', 'DD/MM/YYYY HH24:MI')); 

INSERT INTO schedule (agentId,clientId,meetingTime) 
VALUES (752356052,541541445,to_date('24/06/2018 15:00', 'DD/MM/YYYY HH24:MI')); 

INSERT INTO schedule (agentId,clientId,meetingTime)
VALUES (752356052,541541445,to_date('21/10/2018 15:00', 'DD/MM/YYYY HH24:MI')); 

INSERT INTO schedule (agentId,clientId,meetingTime) 
VALUES (752356052,541541445,to_date('12/05/2017 12:00', 'DD/MM/YYYY HH24:MI')); 

INSERT INTO schedule (agentId,clientId,meetingTime)
VALUES (626592323,556904532,to_date('18/09/2018 16:00', 'DD/MM/YYYY HH24:MI')); 

INSERT INTO schedule(agentId,clientId,meetingTime)
VALUES (626592323,556904532,to_date('2/11/2018 13:00', 'DD/MM/YYYY HH24:MI')); 

INSERT INTO schedule (agentId,clientId,meetingTime)
VALUES (626592323,556904532,to_date('9/03/2017 11:00', 'DD/MM/YYYY HH24:MI')); 

INSERT INTO schedule(agentId,clientId,meetingTime) 
VALUES (626592323,556904532,to_date('19/04/2017 16:00', 'DD/MM/YYYY HH24:MI')); 

INSERT INTO schedule (agentId,clientId,meetingTime) 
VALUES (725287167,557624632,to_date('30/10/2017 16:00', 'DD/MM/YYYY HH24:MI')); 

INSERT INTO schedule (agentId,clientId,meetingTime)
VALUES (725287167,557624632,to_date('21/07/2017 10:00', 'DD/MM/YYYY HH24:MI')); 

INSERT INTO schedule(agentId,clientId,meetingTime) 
VALUES (725287167,557624632,to_date('29/07/2018 16:00', 'DD/MM/YYYY HH24:MI')); 

INSERT INTO schedule (agentId,clientId,meetingTime) 
VALUES (725287167,557624632,to_date('22/06/2017 14:00', 'DD/MM/YYYY HH24:MI')); 

-- company insert

INSERT INTO company (companyId, companyName,companyCountry,  companyEstablishedYear)
VALUES (001,'Pilot','China',to_date('22/06/2017 14:00', 'DD/MM/YYYY HH24:MI'));


INSERT INTO company (companyId, companyName,companyCountry,  companyEstablishedYear)
VALUES (002,'Tiv Taam','Israel',to_date('20/06/2018 14:00', 'DD/MM/YYYY HH24:MI'));


INSERT INTO company (companyId, companyName,companyCountry,  companyEstablishedYear)
VALUES (003,'Osem','Israel',to_date('22/06/2017 14:00', 'DD/MM/YYYY HH24:MI'));


INSERT INTO company (companyId, companyName,companyCountry,  companyEstablishedYear)
VALUES (004,'Hanasich','Israel',to_date('22/06/2017 14:00', 'DD/MM/YYYY HH24:MI'));


INSERT INTO company (companyId, companyName,companyCountry,  companyEstablishedYear)
VALUES (005,'Taaman','Israel',to_date('22/06/2017 14:00', 'DD/MM/YYYY HH24:MI'));

-- represent insert
INSERT INTO represent (companyId,agentId)
VALUES (001,660084321);

INSERT INTO represent (companyId,agentId)
VALUES (002,724732338);

INSERT INTO represent (companyId,agentId)
VALUES (003,683733405);

INSERT INTO represent (companyId,agentId)
VALUES (004,615988674);

INSERT INTO represent (companyId,agentId)
VALUES (005,564441324);

-- category insert

INSERT INTO category (categoryId,categoryName)
VALUES (001,'frozen');


INSERT INTO category (categoryId,categoryName)
VALUES (002,'vagetables');


INSERT INTO category (categoryId,categoryName)
VALUES (003,'baking');


INSERT INTO category (categoryId,categoryName)
VALUES (004,'cleanliness');

INSERT INTO category (categoryId,categoryName)
VALUES (005,'canned food');

INSERT INTO category (categoryId,categoryName)
VALUES (006,'fn');


-- product insert
INSERT INTO product (productBarcode, productName, categoryId, productPrice,companyId)
VALUES (001,'corn',005,40,5);

INSERT INTO product (productBarcode, productName, categoryId,productPrice,companyId)
VALUES (002,'soy sausages',001,20,4);

INSERT INTO product (productBarcode, productName, categoryId,productPrice,companyId)
VALUES (003,'bleach',004,34,3);

INSERT INTO product (productBarcode, productName, categoryId,productPrice,companyId)
VALUES (004,'flour',003,2.23,2);

INSERT INTO product (productBarcode, productName, categoryId,productPrice,companyId)
VALUES (005,'tomato',002,8,1);

INSERT INTO product (productBarcode, productName, categoryId,productPrice,companyId)
VALUES (006,'cucamber',002,8,1);

-- branch insert
INSERT INTO branch (branchId, branchName,cityName)
VALUES (1,'Rishon LeTzion hagadol','Rishon LeTzion');

INSERT INTO branch (branchId, branchName,cityName)
VALUES (2,'Nahariya hagadol','Nahariya');


INSERT INTO branch (branchId, branchName,cityName)
VALUES (3,'Nazareth hagadol','Nazareth');

INSERT INTO branch (branchId, branchName,cityName)
VALUES (4,'Nazareth Illit hagadol','Nazareth Illit');

INSERT INTO branch (branchId, branchName,cityName)
VALUES (5,'Nesher hagadol','Nesher');

-- orderFromBasement insert
INSERT INTO orderFromBasement (orderNumber,branchId,agentId,orderDate)
VALUES (1,1,660084321,to_date('20/06/2018 14:00', 'DD/MM/YYYY HH24:MI'));

INSERT INTO orderFromBasement (orderNumber,branchId,agentId,orderDate)
VALUES (2,2,724732338,to_date('20/06/2017 14:00', 'DD/MM/YYYY HH24:MI'));

INSERT INTO orderFromBasement (orderNumber,branchId,agentId,orderDate)
VALUES (3,3,683733405,to_date('20/06/2018 14:00', 'DD/MM/YYYY HH24:MI'));

INSERT INTO orderFromBasement (orderNumber,branchId,agentId,orderDate)
VALUES (4,4,615988674,to_date('20/06/2018 14:00', 'DD/MM/YYYY HH24:MI'));

INSERT INTO orderFromBasement (orderNumber,branchId,agentId,orderDate)
VALUES (5,5,564441324,to_date('20/06/2018 14:00', 'DD/MM/YYYY HH24:MI'));


INSERT INTO orderFromBasement (orderNumber,branchId,agentId,orderDate)
VALUES (6,5,564441324,to_date('20/06/2018 14:00', 'DD/MM/YYYY HH24:MI'));

INSERT INTO orderFromBasement (orderNumber,branchId,agentId,orderDate)
VALUES (7,5,564441324,to_date('14/05/2019 14:00', 'DD/MM/YYYY HH24:MI'));

-- orderedProduct insert
INSERT INTO orderedProduct (productBarcode, orderNumber,orderAmount,expiryDate, soldAmount)
VALUES (001,5,100,to_date('20/06/2018 14:00', 'DD/MM/YYYY HH24:MI'),30);

INSERT INTO orderedProduct (productBarcode, orderNumber,orderAmount,expiryDate, soldAmount)
VALUES (002,4,500,to_date('13/09/2010 14:00', 'DD/MM/YYYY HH24:MI'),500);

INSERT INTO orderedProduct (productBarcode, orderNumber,orderAmount,expiryDate, soldAmount)
VALUES (003,1,380,to_date('01/01/2017 14:00', 'DD/MM/YYYY HH24:MI'),90);

INSERT INTO orderedProduct (productBarcode, orderNumber,orderAmount,expiryDate, soldAmount)
VALUES (004,3,786,to_date('12/05/2015 14:00', 'DD/MM/YYYY HH24:MI'),500);

INSERT INTO orderedProduct (productBarcode, orderNumber,orderAmount,expiryDate, soldAmount)
VALUES (005,2,98,to_date('20/10/2000 14:00', 'DD/MM/YYYY HH24:MI'),97);

INSERT INTO orderedProduct (productBarcode, orderNumber,orderAmount,expiryDate, soldAmount)
VALUES (2,7,98,to_date('14/05/2019 14:00', 'DD/MM/YYYY HH24:MI'),97);

-- returns insert
INSERT INTO returns (productBarcode, returnsReason,returnsId,returnsDate)
VALUES (001,'defective',1,to_date('20/06/2018 14:00', 'DD/MM/YYYY HH24:MI'));

INSERT INTO returns (productBarcode, returnsReason,returnsId,returnsDate)
VALUES (002,'rotten',2,to_date('20/06/2018 14:00', 'DD/MM/YYYY HH24:MI'));

INSERT INTO returns (productBarcode, returnsReason,returnsId,returnsDate)
VALUES (003,'bad smell',3,to_date('20/06/2018 14:00', 'DD/MM/YYYY HH24:MI'));

INSERT INTO returns (productBarcode, returnsReason,returnsId,returnsDate)
VALUES (004,'opened',4,to_date('20/06/2018 14:00', 'DD/MM/YYYY HH24:MI'));

INSERT INTO returns (productBarcode, returnsReason,returnsId,returnsDate)
VALUES (005,'',5,to_date('20/06/2018 14:00', 'DD/MM/YYYY HH24:MI'));

commit;

